date,home_team,away_team,neutral,tournament,t_weight,elo_home,elo_away,elo_diff,elo_win_prob_h,elo_win_prob_a,h_gf5,h_ga5,h_pts5,h_wpts5,h_gf10,h_ga10,h_pts10,h_wpts10,a_gf5,a_ga5,a_pts5,a_wpts5,a_gf10,a_ga10,a_pts10,a_wpts10,diff_pts5,diff_pts10,diff_wpts5,diff_gf5,diff_ga5,h2h_wwin_rate_a,h2h_wwin_rate_b,h2h_wdraw_rate,h2h_gf_a,h2h_ga_a,h2h_n_matches,h_world_ranking,h_participations,h_elo_rating,h_elo_rank_wc,h_ea_overall,h_ea_attack,h_ea_midfield,h_ea_defense,h_ea_atk_def_ratio,h_ea_balance,h_squad_value_m,h_log_squad_value,h_rank_score,h_wc_exp,a_world_ranking,a_participations,a_elo_rating,a_elo_rank_wc,a_ea_overall,a_ea_attack,a_ea_midfield,a_ea_defense,a_ea_atk_def_ratio,a_ea_balance,a_squad_value_m,a_log_squad_value,a_rank_score,a_wc_exp,diff_ea_overall,diff_ea_attack,diff_ea_midfield,diff_ea_defense,diff_squad_value_m,diff_rank_score,diff_wc_exp
2026-06-11,Mexico,South Africa,False,FIFA World Cup,1.0,1809.5,1628.6,180.9000000000001,0.8343796483172492,0.1656203516827508,1.0,0.6,0.6,0.6,0.8,1.0,0.5,0.5,0.8,1.0,0.4,0.3712121212121212,1.0,0.7,0.6,0.5891472868217054,0.1999999999999999,-0.0999999999999999,0.2287878787878787,0.1999999999999999,-0.4,0.5,0.5,0.0,0.0,0.0,0,15,17,1684.13,14,77.71,79.23,77.3,75.4,1.0507957559681698,1.9150195821453095,230,5.442417710521793,0.0666666666666666,2.8903717578961645,60,3,1429.0,40,71.74,72.79,72.69,69.92,1.0410469107551488,1.6288953311984171,35,3.58351893845611,0.0166666666666666,1.3862943611198906,5.969999999999999,6.439999999999998,4.609999999999999,5.480000000000004,195,0.05,1.504077396776274
2026-06-11,South Korea,Czech Republic,True,FIFA World Cup,1.0,1744.9,1694.9,50.0,0.5714631174083814,0.4285368825916186,1.0,2.2,0.5,0.5,1.5,1.4,0.7,0.7844827586206896,1.2,2.2,0.3,0.1363636363636363,0.8,2.3,0.15,0.0703125,0.2,0.5499999999999999,0.3636363636363636,-0.1999999999999999,0.0,0.5,0.5,0.0,0.0,0.0,0,25,10,1589.65,23,80.06,83.51,76.56,79.68,1.048067269076305,3.481039116892159,210,5.351858133476067,0.04,2.3978952727983707,41,9,1503.04,33,78.16499999999999,77.58,76.56,76.46,1.0129239772946157,1.8886042257443556,95,4.564348191467836,0.024390243902439,2.302585092994046,2.2549999999999955,1.9299999999999924,3.210000000000008,1.0850000000000009,115,0.0156097560975609,0.0953101798043247
2026-06-12,United States,Paraguay,False,FIFA World Cup,1.0,1664.8,1773.7,-108.90000000000008,0.4871946712189299,0.5128053287810701,2.2,2.0,0.6,0.6,1.7,1.6,0.55,0.5428571428571428,1.0,1.4,0.4,0.4361702127659574,1.1,1.1,0.5,0.5476190476190477,0.1999999999999999,0.05,0.1638297872340425,1.2000000000000002,0.6000000000000001,0.6188867636825932,0.3811132363174068,0.1905566181587034,1.9081773857862327,0.9081773857862324,2,16,11,1675.7,15,79.175,79.23,78.32,78.43,1.024291977722479,2.0804672739673586,250,5.525452939131784,0.0625,2.4849066497880004,40,8,1503.5,32,74.7,74.93,75.23,74.05,1.011883862255233,0.6132971003790402,100,4.61512051684126,0.025,2.19722457733622,2.2549999999999955,1.9299999999999924,3.210000000000008,1.0850000000000009,150,0.0375,0.2876820724517808
2026-06-12,Canada,Bosnia and Herzegovina,False,FIFA World Cup,1.0,1691.4,1637.3,54.100000000000136,0.7082853409709899,0.29171465902901,0.2,0.4,0.4,0.4210526315789473,0.7,0.7,0.55,0.5384615384615385,1.0,3.4,0.1,0.0921052631578947,0.6,3.0,0.1,0.1197183098591549,0.3,0.45,0.3289473684210526,-0.8,-3.0,0.5,0.5,0.0,0.0,0.0,0,30,2,1556.48,27,78.82,80.96,76.66,78.52,1.031074885379521,2.156509525444608,200,5.303304908059076,0.0333333333333333,1.0986122886681098,65,1,1385.0,43,78.16499999999999,77.58,76.56,76.46,1.0129239772946157,1.8886042257443556,70,4.262679877041316,0.0153846153846153,0.6931471805599453,2.2549999999999955,1.9299999999999924,3.210000000000008,1.0850000000000009,130,0.0179487179487179,0.4054651081081645
2026-06-13,Australia,Turkey,True,FIFA World Cup,1.0,1717.4,1807.0,-89.59999999999991,0.3738397589579468,0.6261602410420533,2.0,1.4,0.6,0.6666666666666666,1.5,0.9,0.7,0.7440000000000001,1.0,2.2,0.4,0.3484848484848484,1.2,2.3,0.5,0.4883720930232558,0.1999999999999999,0.1999999999999999,0.3181818181818182,1.0,-0.8000000000000003,0.5,0.5,0.0,0.0,0.0,0,27,6,1578.66,24,73.3,73.31,72.57,72.76,1.0075590984057174,0.3843175770115159,120,4.795790545596741,0.037037037037037,1.9459101490553128,22,2,1599.04,20,80.6,73.08,82.57,79.88,0.914872308462694,4.891083724492965,460,6.133398042996649,0.0454545454545454,1.0986122886681098,-7.299999999999997,0.2300000000000039,-10.0,-7.11999999999999,-340,-0.0084175084175084,0.8472978603872034
2026-06-13,Haiti,Scotland,True,FIFA World Cup,1.0,1418.5,1705.8,-287.29999999999995,0.1605917507989635,0.8394082492010364,1.0,2.4,0.2,0.171875,0.8,2.1,0.2,0.1287878787878788,0.4,0.8,0.3,0.3888888888888889,0.8,1.9,0.25,0.304,-0.0999999999999999,-0.0499999999999999,-0.2170138888888889,0.6,1.6,0.5,0.5,0.0,0.0,0.0,0,83,1,1291.0,47,69.56,70.06,68.5,69.54,1.0074777106701178,0.7943131204590139,10,2.3978952727983707,0.0120481927710843,0.6931471805599453,43,7,1499.92,34,77.5,73.76,79.29,77.16,0.9559357179885952,2.7891994072373767,135,4.912654885736052,0.0232558139534883,2.079441541679836,-7.939999999999998,-3.700000000000003,-10.790000000000006,-7.61999999999999,-125,-0.011207621182404,-1.3862943611198904
2026-06-13,Qatar,Switzerland,True,FIFA World Cup,1.0,1502.7,1854.5,-351.79999999999995,0.1165902392375386,0.8834097607624614,1.6,2.0,0.6,0.5876288659793815,1.3,1.9,0.5,0.5551948051948052,2.6,1.0,0.7,0.8448275862068966,2.2,1.6,0.55,0.5714285714285715,-0.0999999999999999,-0.05,-0.2571987202275151,-1.0,1.0,0.5167478719466412,0.4832521280533589,0.2416260640266794,1.0,0.0,1,55,1,1454.0,38,72.65,75.52,71.59,70.64,1.0690826727066818,2.587205699849418,18,2.9444389791664403,0.0181818181818181,0.6931471805599453,19,12,1650.75,18,79.03,79.12,77.93,79.65,0.9933458882611425,0.8808518604169482,280,5.638354669333745,0.0526315789473684,2.5649493574615367,-6.379999999999996,-3.6000000000000085,-6.340000000000003,-9.010000000000003,-262,-0.0344497607655502,-1.8718021769015916
2026-06-13,Brazil,Morocco,True,FIFA World Cup,1.0,1957.7,1827.1,130.60000000000014,0.6795694842311515,0.3204305157688485,1.8,1.4,0.5,0.4545454545454545,1.8,1.2,0.6,0.5966386554621849,2.0,0.6,0.9,0.9361702127659576,1.3,0.9,0.6,0.5318181818181819,-0.4,0.0,-0.4816247582205029,-0.1999999999999999,0.7999999999999999,0.4432093123079251,0.5567906876920748,0.2216046561539625,1.0,2.0,1,6,22,1761.16,6,85.24,85.72,84.39,84.78,1.0110875206416607,0.6836909633257792,1000,6.90875477931522,0.1666666666666666,3.1354942159291497,8,6,1756.21,8,80.56,78.97,78.23,82.18,0.9609394013141884,2.0997698286558326,310,5.739792912179234,0.125,1.9459101490553128,4.679999999999993,6.75,6.159999999999997,2.5999999999999943,690,0.0416666666666666,1.1895840668738364
2026-06-14,Germany,Curaçao,True,FIFA World Cup,1.0,1849.4,1461.2,388.2000000000001,0.9033189977303994,0.0966810022696006,2.6,1.4,0.6,0.5483870967741936,2.4,1.4,0.6,0.5709219858156028,1.6,3.2,0.3,0.4473684210526314,1.0,2.6,0.2,0.284,0.3,0.3999999999999999,0.1010186757215621,1.0,-1.8000000000000005,0.5,0.5,0.0,0.0,0.0,0,10,20,1731.3,10,83.78,84.42,84.51,82.18,1.027257240204429,1.3200126262022376,850,6.746412128573375,0.1,3.044522437723423,82,0,1294.0,46,78.16499999999999,77.58,76.56,76.46,1.0129239772946157,1.8886042257443556,12,2.5649493574615367,0.0121951219512195,0.0,2.2549999999999955,1.9299999999999924,3.210000000000008,1.0850000000000009,838,0.0878048780487805,3.044522437723423
2026-06-14,Ivory Coast,Ecuador,True,FIFA World Cup,1.0,1714.4,1856.9,-142.5,0.3057008437870854,0.6942991562129146,1.2,1.0,0.3,0.2234042553191489,1.2,0.9,0.5,0.4848484848484849,1.0,0.6,0.6,0.6,0.8,0.4,0.65,0.6982758620689655,-0.3,-0.15,-0.376595744680851,0.1999999999999999,0.4,0.5,0.5,0.0,0.0,0.0,0,34,3,1532.98,30,78.81,77.58,80.29,78.73,0.9853931157119268,1.3601593043953877,145,4.983606621708336,0.0294117647058823,1.3862943611198906,23,4,1596.48,21,79.42,73.4,81.21,78.83,0.9311175948243056,4.003028020553102,220,5.3981627015177525,0.0434782608695652,1.6094379124341005,-0.6099999999999994,4.179999999999993,-0.9199999999999876,-0.0999999999999943,-75,-0.0140664961636828,-0.2231435513142097
2026-06-14,Netherlands,Japan,True,FIFA World Cup,1.0,1885.3,1832.3,53.0,0.5756869523764296,0.4243130476235703,1.6,1.6,0.5,0.4354838709677419,2.0,1.8,0.5,0.4609929078014184,1.6,1.2,0.7,0.7307692307692308,1.1,0.8,0.6,0.5720000000000001,-0.1999999999999999,-0.0999999999999999,-0.2952853598014889,0.0,0.4000000000000001,0.5,0.5,0.0,0.0,0.0,0,7,10,1757.87,7,83.2,80.93,83.63,84.01,0.963337697893108,1.6793252613276926,720,6.580639137284949,0.1428571428571428,2.3978952727983707,18,7,1661.58,17,76.86,73.58,78.41,76.46,0.9623332461417736,2.4298765400735887,290,5.673323267171493,0.0555555555555555,2.079441541679836,6.340000000000003,7.350000000000008,5.219999999999999,7.550000000000011,430,0.0873015873015873,0.3184537311185349
2026-06-14,Sweden,Tunisia,True,FIFA World Cup,1.0,1655.1,1759.7,-104.60000000000014,0.3538574488195463,0.6461425511804537,1.6,2.8,0.3,0.2196969696969697,1.6,2.1,0.45,0.2754237288135593,1.6,1.0,0.7,0.7272727272727273,1.0,0.9,0.6,0.59375,-0.3999999999999999,-0.1499999999999999,-0.5075757575757576,0.0,1.7999999999999998,0.5,0.5,0.0,0.0,0.0,0,38,12,1514.77,31,79.87,84.25,74.43,75.32,1.1185608072225173,5.430920732251576,140,4.948759890378168,0.0263157894736842,2.5649493574615367,44,6,1483.05,35,72.99,70.78,75.39,71.78,0.9860685427695736,2.42501546386822,80,4.394449154672439,0.0227272727272727,1.9459101490553128,6.88000000000001,13.47,-0.9599999999999936,3.539999999999992,60,0.0035885167464114,0.6190392084062235
2026-06-15,Belgium,Egypt,True,FIFA World Cup,1.0,1870.6,1653.7,216.89999999999984,0.7770533954441489,0.2229466045558511,1.6,1.8,0.3,0.1578947368421052,1.9,1.5,0.55,0.5038167938931298,1.6,1.2,0.6,0.6060606060606061,1.5,1.4,0.5,0.5511811023622047,-0.3,0.05,-0.4481658692185008,0.0,0.6000000000000001,0.4628738162971696,0.5371261837028304,0.2181869557668093,1.416494324926999,1.583505675073001,2,9,13,1734.71,9,82.71,82.46,84.06,79.53,1.0368414434804476,2.297310021162432,600,6.398594934535208,0.1111111111111111,2.6390573296152584,29,3,1565.56,25,80.93,86.04,70.5,73.27,1.174286884127201,8.288922326414538,115,4.7535901911063645,0.0344827586206896,1.3862943611198906,1.779999999999987,-3.5800000000000125,13.560000000000002,6.260000000000005,485,0.0766283524904214,1.2527629684953678
2026-06-15,Iran,New Zealand,True,FIFA World Cup,1.0,1646.5,1439.8,206.70000000000005,0.7667161758664707,0.2332838241335293,1.2,0.8,0.5,0.5,1.3,1.0,0.55,0.5261627906976744,0.8,1.4,0.3,0.3076923076923076,0.5,1.4,0.25,0.25,0.2,0.3,0.1923076923076923,0.3999999999999999,-0.5999999999999999,0.5,0.5,0.0,0.0,0.0,0,21,6,1616.04,19,75.74,78.83,74.88,72.88,1.0816410537870471,3.0277879714405382,75,4.330733340286331,0.0476190476190476,1.9459101490553128,85,2,1281.0,48,71.79,75.19,70.01,71.34,1.0539669189795349,2.690223039080585,9,2.302585092994046,0.0117647058823529,1.0986122886681098,3.9499999999999886,3.640000000000001,4.86999999999999,1.539999999999992,66,0.0358543417366946,0.8472978603872034
2026-06-15,Spain,Cape Verde,True,FIFA World Cup,1.0,2073.6,1557.4,516.1999999999998,0.9512692112775312,0.0487307887224687,3.6,2.2,0.7,0.7073170731707318,3.1,1.8,0.8,0.8037974683544304,0.6,1.2,0.4,0.3896103896103896,0.6,1.5,0.35,0.423728813559322,0.2999999999999999,0.45,0.3177066835603421,3.0,1.0000000000000002,0.5,0.5,0.0,0.0,0.0,0,2,16,1876.4,2,84.31,84.06,85.96,81.55,1.030778663396689,2.2120201927951126,920,6.825460036255307,0.5,2.833213344056216,69,0,1366.0,44,71.83,71.91,72.04,71.65,1.003628750872296,0.1985782801147523,30,3.4339872044851463,0.0144927536231884,0.0,12.480000000000004,12.150000000000006,13.919999999999987,9.899999999999991,890,0.4855072463768116,2.833213344056216
2026-06-15,Saudi Arabia,Uruguay,True,FIFA World Cup,1.0,1552.5,1847.6,-295.0999999999999,0.1546309258234327,0.8453690741765673,0.2,1.6,0.2,0.1666666666666666,0.3,1.2,0.3,0.3157894736842105,0.8,1.8,0.4,0.2727272727272727,0.8,1.3,0.45,0.4305555555555556,-0.2,-0.15,-0.106060606060606,-0.6000000000000001,-0.1999999999999999,0.4851001835447721,0.5148998164552279,0.242550091772386,0.0,1.0,1,61,6,1421.0,41,75.74,75.38,76.06,74.85,1.0070808283233132,0.6065476073648342,55,4.02535169073515,0.0163934426229508,1.9459101490553128,17,14,1673.07,16,82.26,82.38,83.75,80.54,1.0228457909113482,1.6107244746800498,270,5.602118820879701,0.0588235294117647,2.70805020110221,-6.52000000000001,-7.0,-7.689999999999998,-5.690000000000012,-215,-0.0424300867888138,-0.7621400520468968
2026-06-16,France,Senegal,True,FIFA World Cup,1.0,2065.7,1753.5,312.1999999999998,0.8578038069719848,0.1421961930280152,2.0,1.6,0.6,0.5483870967741936,1.6,1.1,0.65,0.6205673758865249,1.0,1.6,0.5,0.5909090909090908,1.4,1.4,0.55,0.5757575757575758,0.0999999999999999,0.0999999999999999,-0.0425219941348972,1.0,0.0,0.5,0.5,0.0,0.0,0.0,0,1,16,1877.32,1,84.99,86.44,82.82,84.39,1.024291977722479,1.815296119094625,1280,7.155396301896734,1.0,2.833213344056216,14,3,1686.41,13,79.32,80.15,76.69,79.3,1.0107187894073142,1.8030622100563651,260,5.564520407322694,0.0714285714285714,1.3862943611198906,5.670000000000002,6.289999999999992,6.129999999999996,5.090000000000003,1020,0.9285714285714286,1.4469189829363256
2026-06-16,Iraq,Norway,True,FIFA World Cup,1.0,1545.1,1698.4,-153.30000000000018,0.2926670783427783,0.7073329216572217,0.4,1.4,0.3,0.3846153846153846,0.8,1.5,0.3,0.360759493670886,1.2,2.2,0.3,0.3695652173913044,1.6,2.0,0.3,0.2625,0.0,0.0,0.0150501672240802,-0.7999999999999999,-0.8000000000000003,0.5,0.5,0.0,0.0,0.0,0,57,1,1447.0,39,70.2,71.16,69.09,70.18,1.013964092333998,1.0354870029765348,15,2.772588722239781,0.0175438596491228,0.6931471805599453,31,3,1550.94,28,82.05,84.71,81.34,77.67,1.0906398867001414,3.521065179743194,320,5.771441123130016,0.032258064516129,1.3862943611198906,-11.849999999999994,-13.549999999999995,-12.25,-7.489999999999995,-305,-0.0147142048670062,-0.6931471805599453
2026-06-16,Argentina,Algeria,True,FIFA World Cup,1.0,2003.7,1797.0,206.70000000000005,0.7667161758664707,0.2332838241335293,1.6,1.2,0.5,0.5,1.5,0.7,0.7,0.6637931034482759,2.2,1.4,0.7,0.7765957446808511,1.9,1.2,0.65,0.7077922077922078,-0.1999999999999999,0.0499999999999999,-0.2765957446808511,-0.6000000000000001,-0.1999999999999999,0.5,0.5,0.0,0.0,0.0,0,3,18,1874.81,3,84.24,84.97,83.57,83.76,1.0144460362941738,0.7594076639065482,570,6.3473892096560105,0.3333333333333333,2.9444389791664403,28,4,1564.26,26,77.52,79.27,75.35,77.16,1.02734577501296,1.961912332394086,160,5.081404364984463,0.0357142857142857,1.6094379124341005,6.719999999999999,5.700000000000003,8.219999999999999,6.6000000000000085,410,0.2976190476190476,1.33500106673234
2026-06-16,Austria,Jordan,True,FIFA World Cup,1.0,1826.2,1601.3,224.9000000000001,0.7849295751326074,0.2150704248673925,2.8,1.2,0.7,0.6756756756756758,2.5,1.3,0.6,0.5547445255474452,1.8,1.2,0.6,0.6428571428571429,1.0,1.0,0.45,0.4385964912280701,0.0999999999999999,0.1499999999999999,0.0328185328185328,0.9999999999999998,0.0,0.5,0.5,0.0,0.0,0.0,0,24,7,1593.45,22,78.91,78.39,79.48,78.32,1.0008937691521962,0.6504613747179809,195,5.278114659230517,0.0416666666666666,2.079441541679836,63,0,1391.0,42,70.24,72.37,69.09,67.57,1.0710374426520648,2.453188401516149,20,3.044522437723423,0.0158730158730158,0.0,8.670000000000002,6.019999999999996,10.39,10.75,175,0.0257936507936507,2.079441541679836
2026-06-17,Ghana,Panama,True,FIFA World Cup,1.0,1608.6,1592.3,16.299999999999955,0.523440390464572,0.476559609535428,0.8,2.4,0.1,0.1931818181818181,0.8,2.4,0.15,0.252212389380531,1.0,1.0,0.5,0.5,0.9,1.8,0.35,0.3592233009708738,-0.4,-0.1999999999999999,-0.3068181818181819,-0.1999999999999999,1.4,0.5,0.5,0.0,0.0,0.0,0,74,4,1346.0,45,75.83,76.81,77.55,73.19,1.0494603087853531,2.3331523739353166,130,4.875197323201151,0.0135135135135135,1.6094379124341005,33,1,1540.64,29,71.68,71.04,71.68,72.16,0.984478935698448,0.5619015334854749,55,4.02535169073515,0.0303030303030303,0.6931471805599453,4.149999999999992,5.769999999999996,5.86999999999999,1.0300000000000011,75,-0.0167895167895167,0.916290731874155
2026-06-17,England,Croatia,True,FIFA World Cup,1.0,1890.5,1904.8,-14.299999999999956,0.4794322586072495,0.5205677413927505,1.2,1.6,0.4,0.4523809523809524,1.5,1.2,0.55,0.5322580645161291,1.8,0.8,0.7,0.6756756756756758,1.3,1.2,0.5,0.4829931972789116,-0.2999999999999999,0.05,-0.2232947232947233,-0.6000000000000001,0.8,0.5191170081291272,0.4521737704556308,0.2414971556780607,1.0059514973727706,0.556210020063378,4,4,16,1825.97,4,84.06,85.32,85.54,81.18,1.0509977827050996,2.456203031781639,1300,7.170888478512505,0.25,2.833213344056216,11,6,1717.07,11,80.81,78.83,81.31,81.29,0.9697379751506948,1.4260902262246042,340,5.831882477283517,0.0909090909090909,1.9459101490553128,3.25,6.489999999999995,4.230000000000004,-0.1099999999999994,960,0.1590909090909091,0.8873031950009029
2026-06-17,Uzbekistan,Colombia,True,FIFA World Cup,1.0,1565.4,1916.7,-351.29999999999995,0.1168870156053668,0.8831129843946331,1.6,0.8,0.6,0.6885245901639345,1.2,0.9,0.5,0.5096774193548387,2.0,0.6,0.7,0.7000000000000001,1.6,1.2,0.45,0.3153846153846154,-0.0999999999999999,0.0499999999999999,-0.0114754098360655,-0.3999999999999999,0.2,0.5,0.5,0.0,0.0,0.0,0,50,0,1465.34,37,72.62,72.67,74.08,70.68,1.02815506508206,1.708225199829729,40,3.713572066704308,0.02,0.0,13,6,1693.09,12,79.68,82.37,79.35,78.43,1.0502358791278847,2.0611647192788847,380,5.942799375126701,0.0769230769230769,1.9459101490553128,-7.060000000000002,-9.700000000000005,-5.269999999999996,-7.75,-340,-0.0569230769230769,-1.9459101490553128
2026-06-17,Portugal,DR Congo,True,FIFA World Cup,1.0,2048.6,1588.5,460.0999999999999,0.9339214719102444,0.0660785280897554,1.0,0.8,0.6,0.6129032258064516,1.4,0.7,0.75,0.7695035460992907,0.8,1.2,0.3,0.2967032967032967,0.8,1.4,0.3,0.2993630573248408,0.3,0.45,0.3161999291031548,0.1999999999999999,-0.3999999999999999,0.5,0.5,0.0,0.0,0.0,0,5,8,1763.83,5,83.74,82.45,86.12,82.24,1.0025535019455254,2.182025053323941,850,6.746412128573375,0.2,2.19722457733622,46,1,1478.35,36,74.39,76.91,71.1,74.48,1.032626208378088,2.9179159229376954,65,4.189654742026425,0.0217391304347826,0.6931471805599453,9.349999999999994,5.540000000000006,15.02000000000001,7.759999999999991,785,0.1782608695652174,1.5040773967762742
2026-06-18,Czech Republic,South Africa,True,FIFA World Cup,1.0,1694.9,1628.6,66.30000000000018,0.5942718400213306,0.4057281599786694,1.2,2.2,0.3,0.1363636363636363,0.8,2.3,0.15,0.0703125,0.8,1.0,0.4,0.3712121212121212,1.0,0.7,0.6,0.5891472868217054,-0.1,-0.4499999999999999,-0.2348484848484848,0.3999999999999999,1.2000000000000002,0.5,0.5,0.0,0.0,0.0,0,41,9,1503.04,33,79.175,79.23,78.32,78.43,1.024291977722479,2.0804672739673586,95,4.564348191467836,0.024390243902439,2.302585092994046,60,3,1429.0,40,71.74,72.79,72.69,69.92,1.0410469107551488,1.6288953311984171,35,3.58351893845611,0.0166666666666666,1.3862943611198906,2.2549999999999955,1.9299999999999924,3.210000000000008,1.0850000000000009,60,0.0077235772357723,0.9162907318741552
2026-06-18,Mexico,South Korea,False,FIFA World Cup,1.0,1809.5,1744.9,64.59999999999991,0.7206149014682998,0.2793850985317002,1.0,0.6,0.6,0.6,0.8,1.0,0.5,0.5,1.0,2.2,0.5,0.5,1.5,1.4,0.7,0.7844827586206896,0.0999999999999999,-0.1999999999999999,0.0999999999999999,0.0,-1.6,0.4360662410824145,0.3670807111987312,0.3803934033182199,2.174467467157569,1.91496589102882,3,15,17,1684.13,14,77.71,79.23,77.3,75.4,1.0507957559681698,1.9150195821453095,230,5.442417710521793,0.0666666666666666,2.8903717578961645,25,10,1589.65,23,80.06,83.51,76.56,79.68,1.048067269076305,3.481039116892159,210,5.351858133476067,0.04,2.3978952727983707,-2.3500000000000085,-4.280000000000001,0.7399999999999949,-4.280000000000001,20,0.0266666666666666,0.4924764850977938
2026-06-18,Switzerland,Bosnia and Herzegovina,True,FIFA World Cup,1.0,1854.5,1637.3,217.20000000000005,0.7773524296222575,0.2226475703777425,2.6,1.0,0.7,0.8448275862068966,2.2,1.6,0.55,0.5714285714285715,1.0,3.4,0.1,0.0921052631578947,0.6,3.0,0.1,0.1197183098591549,0.6,0.45,0.7527223230490019,1.6,-2.4,0.5,0.5,0.0,0.0,0.0,0,19,12,1650.75,18,79.03,79.12,77.93,79.65,0.9933458882611425,0.8808518604169482,280,5.638354669333745,0.0526315789473684,2.5649493574615367,65,1,1385.0,43,78.16499999999999,77.58,76.56,76.46,1.0129239772946157,1.8886042257443556,70,4.262679877041316,0.0153846153846153,0.6931471805599453,2.2549999999999955,1.9299999999999924,3.210000000000008,1.0850000000000009,210,0.037246963562753,1.8718021769015916
2026-06-18,Canada,Qatar,False,FIFA World Cup,1.0,1691.4,1502.7,188.70000000000005,0.8404916559771328,0.1595083440228671,0.2,0.4,0.4,0.4210526315789473,0.7,0.7,0.55,0.5384615384615385,1.6,2.0,0.6,0.5876288659793815,1.3,1.9,0.5,0.5551948051948052,-0.1999999999999999,0.05,-0.1665762344004341,-1.4,-1.6,0.549652185765122,0.4503478142348779,0.2251739071174389,2.0,0.0,1,30,2,1556.48,27,78.82,80.96,76.66,78.52,1.031074885379521,2.156509525444608,200,5.303304908059076,0.0333333333333333,1.0986122886681098,55,1,1454.0,38,72.65,75.52,71.59,70.64,1.0690826727066818,2.587205699849418,18,2.9444389791664403,0.0181818181818181,0.6931471805599453,6.169999999999988,5.439999999999998,5.069999999999993,7.8799999999999955,182,0.0151515151515151,0.4054651081081645
2026-06-19,Scotland,Morocco,True,FIFA World Cup,1.0,1705.8,1827.1,-121.29999999999995,0.3321983585578572,0.6678016414421428,0.4,0.8,0.3,0.3888888888888889,0.8,1.9,0.25,0.304,2.0,0.6,0.9,0.9361702127659576,1.3,0.9,0.6,0.5318181818181819,-0.6000000000000001,-0.35,-0.5472813238770685,-1.6,0.2,0.5,0.5,0.0,0.0,0.0,0,43,7,1499.92,34,77.5,73.76,79.29,77.16,0.9559357179885952,2.7891994072373767,135,4.912654885736052,0.0232558139534883,2.079441541679836,8,6,1756.21,8,80.56,78.97,78.23,82.18,0.9609394013141884,2.0997698286558326,310,5.739792912179234,0.125,1.9459101490553128,-3.0600000000000023,-5.209999999999994,1.0600000000000025,-5.02000000000001,-175,-0.1017441860465116,0.1335313926245225
2026-06-19,Brazil,Haiti,True,FIFA World Cup,1.0,1957.7,1418.5,539.2,0.9570527012395692,0.0429472987604307,1.8,1.4,0.5,0.4545454545454545,1.8,1.2,0.6,0.5966386554621849,1.0,2.4,0.2,0.171875,0.8,2.1,0.2,0.1287878787878788,0.3,0.3999999999999999,0.2826704545454545,0.8,-1.0,0.5,0.5,0.0,0.0,0.0,0,6,22,1761.16,6,85.24,85.72,84.39,84.78,1.0110875206416607,0.6836909633257792,1000,6.90875477931522,0.1666666666666666,3.1354942159291497,83,1,1291.0,47,69.56,70.06,68.5,69.54,1.0074777106701178,0.7943131204590139,10,2.3978952727983707,0.0120481927710843,0.6931471805599453,15.679999999999993,15.659999999999997,15.89,15.239999999999997,990,0.1546184738955823,2.4423470353692043
2026-06-19,United States,Australia,False,FIFA World Cup,1.0,1664.8,1717.4,-52.600000000000136,0.5677939958468066,0.4322060041531934,2.2,2.0,0.6,0.6,1.7,1.6,0.55,0.5428571428571428,2.0,1.4,0.6,0.6666666666666666,1.5,0.9,0.7,0.7440000000000001,0.0,-0.1499999999999999,-0.0666666666666666,0.2000000000000001,0.6000000000000001,0.6081360977714696,0.3918639022285304,0.1959319511142652,2.0,1.0,1,16,11,1675.7,15,79.175,79.23,78.32,78.43,1.024291977722479,2.0804672739673586,250,5.525452939131784,0.0625,2.4849066497880004,27,6,1578.66,24,73.3,73.31,72.57,72.76,1.0075590984057174,0.3843175770115159,120,4.795790545596741,0.037037037037037,1.9459101490553128,2.2549999999999955,1.9299999999999924,3.210000000000008,1.0850000000000009,130,0.0254629629629629,0.5389965007326871
2026-06-19,Turkey,Paraguay,True,FIFA World Cup,1.0,1807.0,1773.7,33.299999999999955,0.5477763460685018,0.4522236539314982,1.0,2.2,0.4,0.3484848484848484,1.2,2.3,0.5,0.4883720930232558,1.0,1.4,0.4,0.4361702127659574,1.1,1.1,0.5,0.5476190476190477,0.0,0.0,-0.087685364281109,0.0,0.8000000000000003,0.5,0.5,0.0,0.0,0.0,0,22,2,1599.04,20,80.6,73.08,82.57,79.88,0.914872308462694,4.891083724492965,460,6.133398042996649,0.0454545454545454,1.0986122886681098,40,8,1503.5,32,74.7,74.93,75.23,74.05,1.011883862255233,0.6132971003790402,100,4.61512051684126,0.025,2.19722457733622,5.899999999999992,-1.8500000000000083,7.339999999999989,5.829999999999998,360,0.0204545454545454,-1.0986122886681098
2026-06-20,Germany,Ivory Coast,True,FIFA World Cup,1.0,1849.4,1714.4,135.0,0.6850596089933503,0.3149403910066497,2.6,1.4,0.6,0.5483870967741936,2.4,1.4,0.6,0.5709219858156028,1.2,1.0,0.3,0.2234042553191489,1.2,0.9,0.5,0.4848484848484849,0.3,0.0999999999999999,0.3249828414550446,1.4,0.3999999999999999,0.5,0.5,0.0,0.0,0.0,0,10,20,1731.3,10,83.78,84.42,84.51,82.18,1.027257240204429,1.3200126262022376,850,6.746412128573375,0.1,3.044522437723423,34,3,1532.98,30,78.81,77.58,80.29,78.73,0.9853931157119268,1.3601593043953877,145,4.983606621708336,0.0294117647058823,1.3862943611198906,4.969999999999999,6.840000000000003,4.219999999999999,3.450000000000003,705,0.0705882352941176,1.6582280766035324
2026-06-20,Ecuador,Curaçao,True,FIFA World Cup,1.0,1856.9,1461.2,395.7000000000001,0.9070244037742186,0.0929755962257814,1.0,0.6,0.6,0.6,0.8,0.4,0.65,0.6982758620689655,1.6,3.2,0.3,0.4473684210526314,1.0,2.6,0.2,0.284,0.3,0.45,0.1526315789473685,-0.6000000000000001,-2.6,0.5,0.5,0.0,0.0,0.0,0,23,4,1596.48,21,79.42,73.4,81.21,78.83,0.9311175948243056,4.003028020553102,220,5.3981627015177525,0.0434782608695652,1.6094379124341005,82,0,1294.0,46,78.16499999999999,77.58,76.56,76.46,1.0129239772946157,1.8886042257443556,12,2.5649493574615367,0.0121951219512195,0.0,2.2549999999999955,1.9299999999999924,3.210000000000008,1.0850000000000009,208,0.0312831389183457,1.6094379124341005
2026-06-20,Netherlands,Sweden,True,FIFA World Cup,1.0,1885.3,1655.1,230.20000000000005,0.7900352194423836,0.2099647805576163,1.6,1.6,0.5,0.4354838709677419,2.0,1.8,0.5,0.4609929078014184,1.6,2.8,0.3,0.2196969696969697,1.6,2.1,0.45,0.2754237288135593,0.2,0.0499999999999999,0.2157869012707722,0.0,-1.1999999999999995,0.5,0.5,0.0,0.0,0.0,0,7,10,1757.87,7,83.2,80.93,83.63,84.01,0.963337697893108,1.6793252613276926,720,6.580639137284949,0.1428571428571428,2.3978952727983707,38,12,1514.77,31,79.87,84.25,74.43,75.32,1.1185608072225173,5.430920732251576,140,4.948759890378168,0.0263157894736842,2.5649493574615367,3.3299999999999983,-3.319999999999993,9.199999999999989,8.690000000000012,580,0.1165413533834586,-0.167054084663166
2026-06-20,Tunisia,Japan,True,FIFA World Cup,1.0,1759.7,1832.3,-72.59999999999991,0.3970147757042157,0.6029852242957843,1.6,1.0,0.7,0.7272727272727273,1.0,0.9,0.6,0.59375,1.6,1.2,0.7,0.7307692307692308,1.1,0.8,0.6,0.5720000000000001,0.0,0.0,-0.0034965034965035,0.0,-0.1999999999999999,0.5460635740408387,0.4539364259591613,0.2269682129795806,3.0,0.0,1,44,6,1483.05,35,72.99,70.78,75.39,71.78,0.9860685427695736,2.42501546386822,80,4.394449154672439,0.0227272727272727,1.9459101490553128,18,7,1661.58,17,76.86,73.58,78.41,76.46,0.9623332461417736,2.4298765400735887,290,5.673323267171493,0.0555555555555555,2.079441541679836,-3.870000000000005,-2.799999999999997,-3.019999999999996,-4.679999999999993,-210,-0.0328282828282828,-0.1335313926245225
2026-06-21,Uruguay,Cape Verde,True,FIFA World Cup,1.0,1847.6,1557.4,290.1999999999998,0.8416458693671466,0.1583541306328534,0.8,1.8,0.4,0.2727272727272727,0.8,1.3,0.45,0.4305555555555556,0.6,1.2,0.4,0.3896103896103896,0.6,1.5,0.35,0.423728813559322,0.0,0.1,-0.1168831168831169,0.2,0.6000000000000001,0.5,0.5,0.0,0.0,0.0,0,17,14,1673.07,16,82.26,82.38,83.75,80.54,1.0228457909113482,1.6107244746800498,270,5.602118820879701,0.0588235294117647,2.70805020110221,69,0,1366.0,44,71.83,71.91,72.04,71.65,1.003628750872296,0.1985782801147523,30,3.4339872044851463,0.0144927536231884,0.0,10.430000000000009,10.47,11.709999999999994,8.89,240,0.0443307757885763,2.70805020110221
2026-06-21,Spain,Saudi Arabia,True,FIFA World Cup,1.0,2073.6,1552.5,521.0999999999999,0.9525602434550428,0.0474397565449571,3.6,2.2,0.7,0.7073170731707318,3.1,1.8,0.8,0.8037974683544304,0.2,1.6,0.2,0.1666666666666666,0.3,1.2,0.3,0.3157894736842105,0.4999999999999999,0.5,0.5406504065040652,3.4,0.6000000000000001,0.5,0.5,0.0,0.0,0.0,0,2,16,1876.4,2,84.31,84.06,85.96,81.55,1.030778663396689,2.2120201927951126,920,6.825460036255307,0.5,2.833213344056216,61,6,1421.0,41,75.74,75.38,76.06,74.85,1.0070808283233132,0.6065476073648342,55,4.02535169073515,0.0163934426229508,1.9459101490553128,8.570000000000007,8.680000000000007,9.899999999999991,6.700000000000003,865,0.4836065573770491,0.8873031950009029
2026-06-21,Belgium,Iran,True,FIFA World Cup,1.0,1870.6,1646.5,224.0999999999999,0.7841511326388194,0.2158488673611805,1.6,1.8,0.3,0.1578947368421052,1.9,1.5,0.55,0.5038167938931298,1.2,0.8,0.5,0.5,1.3,1.0,0.55,0.5261627906976744,-0.2,0.0,-0.3421052631578947,0.4000000000000001,1.0,0.5,0.5,0.0,0.0,0.0,0,9,13,1734.71,9,82.71,82.46,84.06,79.53,1.0368414434804476,2.297310021162432,600,6.398594934535208,0.1111111111111111,2.6390573296152584,21,6,1616.04,19,75.74,78.83,74.88,72.88,1.0816410537870471,3.0277879714405382,75,4.330733340286331,0.0476190476190476,1.9459101490553128,6.969999999999999,3.629999999999996,9.180000000000009,6.650000000000006,525,0.0634920634920634,0.6931471805599452
2026-06-21,New Zealand,Egypt,True,FIFA World Cup,1.0,1439.8,1653.7,-213.9000000000001,0.2259526858372455,0.7740473141627544,0.8,1.4,0.3,0.3076923076923076,0.5,1.4,0.25,0.25,1.6,1.2,0.6,0.6060606060606061,1.5,1.4,0.5,0.5511811023622047,-0.3,-0.25,-0.2983682983682984,-0.8,0.1999999999999999,0.4263865033714293,0.5736134966285708,0.2131932516857146,0.0,1.0,1,85,2,1281.0,48,71.79,75.19,70.01,71.34,1.0539669189795349,2.690223039080585,9,2.302585092994046,0.0117647058823529,1.0986122886681098,29,3,1565.56,25,80.93,86.04,70.5,73.27,1.174286884127201,8.288922326414538,115,4.7535901911063645,0.0344827586206896,1.3862943611198906,-9.14,-10.850000000000009,-0.4899999999999949,-1.9299999999999928,-106,-0.0227180527383367,-0.2876820724517808
2026-06-22,France,Iraq,True,FIFA World Cup,1.0,2065.7,1545.1,520.5999999999999,0.9524300088570522,0.0475699911429478,2.0,1.6,0.6,0.5483870967741936,1.6,1.1,0.65,0.6205673758865249,0.4,1.4,0.3,0.3846153846153846,0.8,1.5,0.3,0.360759493670886,0.3,0.35,0.163771712158809,1.6,0.2000000000000001,0.5,0.5,0.0,0.0,0.0,0,1,16,1877.32,1,84.99,86.44,82.82,84.39,1.024291977722479,1.815296119094625,1280,7.155396301896734,1.0,2.833213344056216,57,1,1447.0,39,70.2,71.16,69.09,70.18,1.013964092333998,1.0354870029765348,15,2.772588722239781,0.0175438596491228,0.6931471805599453,14.789999999999992,15.28,13.72999999999999,14.209999999999994,1265,0.9824561403508772,2.1400661634962708
2026-06-22,Norway,Senegal,True,FIFA World Cup,1.0,1698.4,1753.5,-55.09999999999991,0.4213628894158413,0.5786371105841587,1.2,2.2,0.3,0.3695652173913044,1.6,2.0,0.3,0.2625,1.0,1.6,0.5,0.5909090909090908,1.4,1.4,0.55,0.5757575757575758,-0.2,-0.25,-0.2213438735177864,0.1999999999999999,0.6000000000000001,0.5,0.5,0.0,0.0,0.0,0,31,3,1550.94,28,82.05,84.71,81.34,77.67,1.0906398867001414,3.521065179743194,320,5.771441123130016,0.032258064516129,1.3862943611198906,14,3,1686.41,13,79.32,80.15,76.69,79.3,1.0107187894073142,1.8030622100563651,260,5.564520407322694,0.0714285714285714,1.3862943611198906,2.730000000000004,4.559999999999988,4.650000000000006,-1.6299999999999957,60,-0.0391705069124423,0.0
2026-06-22,Argentina,Austria,True,FIFA World Cup,1.0,2003.7,1826.2,177.5,0.7353176461161302,0.2646823538838698,1.6,1.2,0.5,0.5,1.5,0.7,0.7,0.6637931034482759,2.8,1.2,0.7,0.6756756756756758,2.5,1.3,0.6,0.5547445255474452,-0.1999999999999999,0.0999999999999999,-0.1756756756756757,-1.1999999999999995,0.0,0.5,0.5,0.0,0.0,0.0,0,3,18,1874.81,3,84.24,84.97,83.57,83.76,1.0144460362941738,0.7594076639065482,570,6.3473892096560105,0.3333333333333333,2.9444389791664403,24,7,1593.45,22,78.91,78.39,79.48,78.32,1.0008937691521962,0.6504613747179809,195,5.278114659230517,0.0416666666666666,2.079441541679836,5.329999999999998,6.579999999999998,4.089999999999989,5.440000000000012,375,0.2916666666666666,0.8649974374866045
2026-06-22,Jordan,Algeria,True,FIFA World Cup,1.0,1601.3,1797.0,-195.70000000000005,0.2448002417114525,0.7551997582885475,1.8,1.2,0.6,0.6428571428571429,1.0,1.0,0.45,0.4385964912280701,2.2,1.4,0.7,0.7765957446808511,1.9,1.2,0.65,0.7077922077922078,-0.0999999999999999,-0.2,-0.1337386018237082,-0.4000000000000001,-0.1999999999999999,0.5,0.5,0.0,0.0,0.0,0,63,0,1391.0,42,70.24,72.37,69.09,67.57,1.0710374426520648,2.453188401516149,20,3.044522437723423,0.0158730158730158,0.0,28,4,1564.26,26,77.52,79.27,75.35,77.16,1.02734577501296,1.961912332394086,160,5.081404364984463,0.0357142857142857,1.6094379124341005,-7.280000000000001,-6.899999999999992,-6.259999999999991,-9.590000000000003,-140,-0.0198412698412698,-1.6094379124341005
2026-06-23,Portugal,Uzbekistan,True,FIFA World Cup,1.0,2048.6,1565.4,483.1999999999998,0.9416691452311388,0.0583308547688612,1.0,0.8,0.6,0.6129032258064516,1.4,0.7,0.75,0.7695035460992907,1.6,0.8,0.6,0.6885245901639345,1.2,0.9,0.5,0.5096774193548387,0.0,0.25,-0.0756213643574829,-0.6000000000000001,0.0,0.5,0.5,0.0,0.0,0.0,0,5,8,1763.83,5,83.74,82.45,86.12,82.24,1.0025535019455254,2.182025053323941,850,6.746412128573375,0.2,2.19722457733622,50,0,1465.34,37,72.62,72.67,74.08,70.68,1.02815506508206,1.708225199829729,40,3.713572066704308,0.02,0.0,11.11999999999999,9.78,12.040000000000006,11.559999999999988,810,0.18,2.19722457733622
2026-06-23,Colombia,DR Congo,True,FIFA World Cup,1.0,1916.7,1588.5,328.20000000000005,0.8686723959510277,0.1313276040489722,2.0,0.6,0.7,0.7000000000000001,1.6,1.2,0.45,0.3153846153846154,0.8,1.2,0.3,0.2967032967032967,0.8,1.4,0.3,0.2993630573248408,0.3999999999999999,0.15,0.4032967032967033,1.2,-0.6,0.5,0.5,0.0,0.0,0.0,0,13,6,1693.09,12,79.68,82.37,79.35,78.43,1.0502358791278847,2.0611647192788847,380,5.942799375126701,0.0769230769230769,1.9459101490553128,46,1,1478.35,36,74.39,76.91,71.1,74.48,1.032626208378088,2.9179159229376954,65,4.189654742026425,0.0217391304347826,0.6931471805599453,5.290000000000006,5.460000000000008,8.25,3.950000000000003,315,0.0551839464882943,1.252762968495368
2026-06-23,England,Ghana,True,FIFA World Cup,1.0,1890.5,1608.6,281.9000000000001,0.8351736049109141,0.1648263950890859,1.2,1.6,0.4,0.4523809523809524,1.5,1.2,0.55,0.5322580645161291,0.8,2.4,0.1,0.1931818181818181,0.8,2.4,0.15,0.252212389380531,0.3,0.4,0.2591991341991342,0.3999999999999999,-0.7999999999999998,0.5,0.5,0.0,0.0,0.0,0,4,16,1825.97,4,84.06,85.32,85.54,81.18,1.0509977827050996,2.456203031781639,1300,7.170888478512505,0.25,2.833213344056216,74,4,1346.0,45,75.83,76.81,77.55,73.19,1.0494603087853531,2.3331523739353166,130,4.875197323201151,0.0135135135135135,1.6094379124341005,8.230000000000004,8.509999999999991,7.990000000000009,7.990000000000009,1170,0.2364864864864864,1.223775431622116
2026-06-23,Panama,Croatia,True,FIFA World Cup,1.0,1592.3,1904.8,-312.5,0.1419856773171711,0.8580143226828288,1.0,1.0,0.5,0.5,0.9,1.8,0.35,0.3592233009708738,1.8,0.8,0.7,0.6756756756756758,1.3,1.2,0.5,0.4829931972789116,-0.1999999999999999,-0.15,-0.1756756756756757,-0.8,0.1999999999999999,0.5,0.5,0.0,0.0,0.0,0,33,1,1540.64,29,71.68,71.04,71.68,72.16,0.984478935698448,0.5619015334854749,55,4.02535169073515,0.0303030303030303,0.6931471805599453,11,6,1717.07,11,80.81,78.83,81.31,81.29,0.9697379751506948,1.4260902262246042,340,5.831882477283517,0.0909090909090909,1.9459101490553128,-9.129999999999995,-7.789999999999992,-9.629999999999995,-9.13000000000001,-285,-0.0606060606060606,-1.252762968495368
2026-06-24,Morocco,Haiti,True,FIFA World Cup,1.0,1827.1,1418.5,408.5999999999999,0.913100261939983,0.086899738060017,2.0,0.6,0.9,0.9361702127659576,1.3,0.9,0.6,0.5318181818181819,1.0,2.4,0.2,0.171875,0.8,2.1,0.2,0.1287878787878788,0.7,0.3999999999999999,0.7642952127659575,1.0,-1.7999999999999998,0.5,0.5,0.0,0.0,0.0,0,8,6,1756.21,8,80.56,78.97,78.23,82.18,0.9609394013141884,2.0997698286558326,310,5.739792912179234,0.125,1.9459101490553128,83,1,1291.0,47,69.56,70.06,68.5,69.54,1.0074777106701178,0.7943131204590139,10,2.3978952727983707,0.0120481927710843,0.6931471805599453,11.0,8.909999999999997,9.730000000000004,12.64,300,0.1129518072289156,1.252762968495368
2026-06-24,Bosnia and Herzegovina,Qatar,True,FIFA World Cup,1.0,1637.3,1502.7,134.5999999999999,0.6845626079270904,0.3154373920729095,1.0,3.4,0.1,0.0921052631578947,0.6,3.0,0.1,0.1197183098591549,1.6,2.0,0.6,0.5876288659793815,1.3,1.9,0.5,0.5551948051948052,-0.5,-0.4,-0.4955236028214867,-0.6000000000000001,1.4,0.5,0.5,0.0,0.0,0.0,0,65,1,1385.0,43,79.175,79.23,78.32,78.43,1.024291977722479,2.0804672739673586,70,4.262679877041316,0.0153846153846153,0.6931471805599453,55,1,1454.0,38,72.65,75.52,71.59,70.64,1.0690826727066818,2.587205699849418,18,2.9444389791664403,0.0181818181818181,0.6931471805599453,2.2549999999999955,1.9299999999999924,3.210000000000008,1.0850000000000009,52,-0.0027972027972027,0.0
2026-06-24,Scotland,Brazil,True,FIFA World Cup,1.0,1705.8,1957.7,-251.9000000000001,0.1899934151977435,0.8100065848022564,0.4,0.8,0.3,0.3888888888888889,0.8,1.9,0.25,0.304,1.8,1.4,0.5,0.4545454545454545,1.8,1.2,0.6,0.5966386554621849,-0.2,-0.35,-0.0656565656565655,-1.4,-0.5999999999999999,0.5,0.5,0.0,0.0,0.0,0,43,7,1499.92,34,77.5,73.76,79.29,77.16,0.9559357179885952,2.7891994072373767,135,4.912654885736052,0.0232558139534883,2.079441541679836,6,22,1761.16,6,85.24,85.72,84.39,84.78,1.0110875206416607,0.6836909633257792,1000,6.90875477931522,0.1666666666666666,3.1354942159291497,-7.739999999999995,-11.959999999999994,-5.099999999999994,-7.620000000000003,-865,-0.1434108527131782,-1.056052674249314
2026-06-24,South Africa,South Korea,True,FIFA World Cup,1.0,1628.6,1744.9,-116.30000000000018,0.3386140451825021,0.6613859548174978,0.8,1.0,0.4,0.3712121212121212,1.0,0.7,0.6,0.5891472868217054,1.0,2.2,0.5,0.5,1.5,1.4,0.7,0.7844827586206896,-0.0999999999999999,-0.0999999999999999,-0.1287878787878787,-0.1999999999999999,-1.2000000000000002,0.5,0.5,0.0,0.0,0.0,0,60,3,1429.0,40,71.74,72.79,72.69,69.92,1.0410469107551488,1.6288953311984171,35,3.58351893845611,0.0166666666666666,1.3862943611198906,25,10,1589.65,23,80.06,83.51,76.56,79.68,1.048067269076305,3.481039116892159,210,5.351858133476067,0.04,2.3978952727983707,-8.320000000000007,-10.72,-3.870000000000005,-9.760000000000003,-175,-0.0233333333333333,-1.01160091167848
2026-06-24,Mexico,Czech Republic,False,FIFA World Cup,1.0,1809.5,1694.9,114.59999999999992,0.7747512917754134,0.2252487082245866,1.0,0.6,0.6,0.6,0.8,1.0,0.5,0.5,1.2,2.2,0.3,0.1363636363636363,0.8,2.3,0.15,0.0703125,0.3,0.35,0.4636363636363636,-0.1999999999999999,-1.6,0.5,0.5,0.0,0.0,0.0,0,15,17,1684.13,14,77.71,79.23,77.3,75.4,1.0507957559681698,1.9150195821453095,230,5.442417710521793,0.0666666666666666,2.8903717578961645,41,9,1503.04,33,78.16499999999999,77.58,76.56,76.46,1.0129239772946157,1.8886042257443556,95,4.564348191467836,0.024390243902439,2.302585092994046,2.2549999999999955,1.9299999999999924,3.210000000000008,1.0850000000000009,135,0.0422764227642276,0.5877866649021186
2026-06-24,Canada,Switzerland,False,FIFA World Cup,1.0,1691.4,1854.5,-163.0999999999999,0.4101772224839923,0.5898227775160076,0.2,0.4,0.4,0.4210526315789473,0.7,0.7,0.55,0.5384615384615385,2.6,1.0,0.7,0.8448275862068966,2.2,1.6,0.55,0.5714285714285715,-0.2999999999999999,0.0,-0.4237749546279492,-2.4,-0.6,0.5,0.5,0.0,0.0,0.0,0,30,2,1556.48,27,78.82,80.96,76.66,78.52,1.031074885379521,2.156509525444608,200,5.303304908059076,0.0333333333333333,1.0986122886681098,19,12,1650.75,18,79.03,79.12,77.93,79.65,0.9933458882611425,0.8808518604169482,280,5.638354669333745,0.0526315789473684,2.5649493574615367,-0.2100000000000079,1.8399999999999888,-1.2700000000000102,-1.1300000000000097,-80,-0.019298245614035,-1.466337068793427
2026-06-25,United States,Turkey,False,FIFA World Cup,1.0,1664.8,1807.0,-142.20000000000005,0.4395662167273061,0.5604337832726939,2.2,2.0,0.6,0.6,1.7,1.6,0.55,0.5428571428571428,1.0,2.2,0.4,0.3484848484848484,1.2,2.3,0.5,0.4883720930232558,0.1999999999999999,0.05,0.2515151515151515,1.2000000000000002,-0.2000000000000001,0.4005735179942115,0.5994264820057885,0.2002867589971057,1.0,2.0,1,16,11,1675.7,15,79.175,79.23,78.32,78.43,1.024291977722479,2.0804672739673586,250,5.525452939131784,0.0625,2.4849066497880004,22,2,1599.04,20,80.6,73.08,82.57,79.88,0.914872308462694,4.891083724492965,460,6.133398042996649,0.0454545454545454,1.0986122886681098,2.2549999999999955,1.9299999999999924,3.210000000000008,1.0850000000000009,-210,0.0170454545454545,1.3862943611198906
2026-06-25,Paraguay,Australia,True,FIFA World Cup,1.0,1773.7,1717.4,56.29999999999996,0.5803204121873329,0.4196795878126671,1.0,1.4,0.4,0.4361702127659574,1.1,1.1,0.5,0.5476190476190477,2.0,1.4,0.6,0.6666666666666666,1.5,0.9,0.7,0.7440000000000001,-0.1999999999999999,-0.1999999999999999,-0.2304964539007091,-1.0,0.0,0.5,0.5,0.0,0.0,0.0,0,40,8,1503.5,32,74.7,74.93,75.23,74.05,1.011883862255233,0.6132971003790402,100,4.61512051684126,0.025,2.19722457733622,27,6,1578.66,24,73.3,73.31,72.57,72.76,1.0075590984057174,0.3843175770115159,120,4.795790545596741,0.037037037037037,1.9459101490553128,1.4000000000000057,1.6200000000000043,2.660000000000011,1.289999999999992,-20,-0.012037037037037,0.2513144282809063
2026-06-25,Curaçao,Ivory Coast,True,FIFA World Cup,1.0,1461.2,1714.4,-253.20000000000005,0.1888444211684037,0.8111555788315963,1.6,3.2,0.3,0.4473684210526314,1.0,2.6,0.2,0.284,1.2,1.0,0.3,0.2234042553191489,1.2,0.9,0.5,0.4848484848484849,0.0,-0.3,0.2239641657334825,0.4000000000000001,2.2,0.5,0.5,0.0,0.0,0.0,0,82,0,1294.0,46,79.175,79.23,78.32,78.43,1.024291977722479,2.0804672739673586,12,2.5649493574615367,0.0121951219512195,0.0,34,3,1532.98,30,78.81,77.58,80.29,78.73,0.9853931157119268,1.3601593043953877,145,4.983606621708336,0.0294117647058823,1.3862943611198906,2.2549999999999955,1.9299999999999924,3.210000000000008,1.0850000000000009,-133,-0.0172166427546628,-1.3862943611198906
2026-06-25,Ecuador,Germany,True,FIFA World Cup,1.0,1856.9,1849.4,7.5,0.5107916914123477,0.4892083085876523,1.0,0.6,0.6,0.6,0.8,0.4,0.65,0.6982758620689655,2.6,1.4,0.6,0.5483870967741936,2.4,1.4,0.6,0.5709219858156028,0.0,0.05,0.0516129032258063,-1.6,-0.7999999999999999,0.5,0.5,0.0,0.0,0.0,0,23,4,1596.48,21,79.42,73.4,81.21,78.83,0.9311175948243056,4.003028020553102,220,5.3981627015177525,0.0434782608695652,1.6094379124341005,10,20,1731.3,10,83.78,84.42,84.51,82.18,1.027257240204429,1.3200126262022376,850,6.746412128573375,0.1,3.044522437723423,-4.359999999999999,-11.019999999999996,-3.300000000000012,-3.3500000000000085,-630,-0.0565217391304347,-1.4350845252893227
2026-06-25,Japan,Sweden,True,FIFA World Cup,1.0,1832.3,1655.1,177.20000000000005,0.7349814030441849,0.2650185969558151,1.6,1.2,0.7,0.7307692307692308,1.1,0.8,0.6,0.5720000000000001,1.6,2.8,0.3,0.2196969696969697,1.6,2.1,0.45,0.2754237288135593,0.3999999999999999,0.1499999999999999,0.5110722610722611,0.0,-1.6,0.5,0.5,0.0,0.0,0.0,0,18,7,1661.58,17,76.86,73.58,78.41,76.46,0.9623332461417736,2.4298765400735887,290,5.673323267171493,0.0555555555555555,2.079441541679836,38,12,1514.77,31,79.87,84.25,74.43,75.32,1.1185608072225173,5.430920732251576,140,4.948759890378168,0.0263157894736842,2.5649493574615367,-3.010000000000005,-10.670000000000002,3.9799999999999898,1.1400000000000006,150,0.0292397660818713,-0.485507815781701
2026-06-25,Tunisia,Netherlands,True,FIFA World Cup,1.0,1759.7,1885.3,-125.59999999999992,0.3267301269141661,0.673269873085834,1.6,1.0,0.7,0.7272727272727273,1.0,0.9,0.6,0.59375,1.6,1.6,0.5,0.4354838709677419,2.0,1.8,0.5,0.4609929078014184,0.1999999999999999,0.0999999999999999,0.2917888563049853,0.0,-0.6000000000000001,0.5,0.5,0.0,0.0,0.0,0,44,6,1483.05,35,72.99,70.78,75.39,71.78,0.9860685427695736,2.42501546386822,80,4.394449154672439,0.0227272727272727,1.9459101490553128,7,10,1757.87,7,83.2,80.93,83.63,84.01,0.963337697893108,1.6793252613276926,720,6.580639137284949,0.1428571428571428,2.3978952727983707,-10.210000000000008,-10.150000000000006,-8.239999999999995,-12.230000000000004,-640,-0.1201298701298701,-0.4519851237430574
2026-06-26,Norway,France,True,FIFA World Cup,1.0,1698.4,2065.7,-367.2999999999997,0.1077099999851688,0.8922900000148312,1.2,2.2,0.3,0.3695652173913044,1.6,2.0,0.3,0.2625,2.0,1.6,0.6,0.5483870967741936,1.6,1.1,0.65,0.6205673758865249,-0.3,-0.35,-0.1788218793828892,-0.8,0.6000000000000001,0.5,0.5,0.0,0.0,0.0,0,31,3,1550.94,28,82.05,84.71,81.34,77.67,1.0906398867001414,3.521065179743194,320,5.771441123130016,0.032258064516129,1.3862943611198906,1,16,1877.32,1,84.99,86.44,82.82,84.39,1.024291977722479,1.815296119094625,1280,7.155396301896734,1.0,2.833213344056216,-2.9399999999999977,-1.730000000000004,-1.4799999999999898,-6.719999999999999,-960,-0.967741935483871,-1.4469189829363256
2026-06-26,Egypt,Iran,True,FIFA World Cup,1.0,1653.7,1646.5,7.2000000000000455,0.5103601498925354,0.4896398501074646,1.6,1.2,0.6,0.6060606060606061,1.5,1.4,0.5,0.5511811023622047,1.2,0.8,0.5,0.5,1.3,1.0,0.55,0.5261627906976744,0.0999999999999999,-0.05,0.106060606060606,0.4000000000000001,0.3999999999999999,0.5,0.5,0.0,0.0,0.0,0,29,3,1565.56,25,80.93,86.04,70.5,73.27,1.174286884127201,8.288922326414538,115,4.7535901911063645,0.0344827586206896,1.3862943611198906,21,6,1616.04,19,75.74,78.83,74.88,72.88,1.0816410537870471,3.0277879714405382,75,4.330733340286331,0.0476190476190476,1.9459101490553128,5.190000000000012,7.210000000000008,-4.379999999999996,0.3900000000000005,40,-0.0131362889983579,-0.5596157879354227
2026-06-26,New Zealand,Belgium,True,FIFA World Cup,1.0,1439.8,1870.6,-430.8,0.0772804631317698,0.9227195368682302,0.8,1.4,0.3,0.3076923076923076,0.5,1.4,0.25,0.25,1.6,1.8,0.3,0.1578947368421052,1.9,1.5,0.55,0.5038167938931298,0.0,-0.3,0.1497975708502024,-0.8,-0.4000000000000001,0.5,0.5,0.0,0.0,0.0,0,85,2,1281.0,48,71.79,75.19,70.01,71.34,1.0539669189795349,2.690223039080585,9,2.302585092994046,0.0117647058823529,1.0986122886681098,9,13,1734.71,9,82.71,82.46,84.06,79.53,1.0368414434804476,2.297310021162432,600,6.398594934535208,0.1111111111111111,2.6390573296152584,-10.919999999999987,-7.269999999999996,-14.049999999999995,-8.189999999999998,-591,-0.0993464052287581,-1.5404450409471486
2026-06-26,Cape Verde,Saudi Arabia,True,FIFA World Cup,1.0,1557.4,1552.5,4.900000000000091,0.5070511993495249,0.4929488006504751,0.6,1.2,0.4,0.3896103896103896,0.6,1.5,0.35,0.423728813559322,0.2,1.6,0.2,0.1666666666666666,0.3,1.2,0.3,0.3157894736842105,0.2,0.0499999999999999,0.2229437229437229,0.3999999999999999,-0.4000000000000001,0.5,0.5,0.0,0.0,0.0,0,69,0,1366.0,44,71.83,71.91,72.04,71.65,1.003628750872296,0.1985782801147523,30,3.4339872044851463,0.0144927536231884,0.0,61,6,1421.0,41,75.74,75.38,76.06,74.85,1.0070808283233132,0.6065476073648342,55,4.02535169073515,0.0163934426229508,1.9459101490553128,-3.9099999999999966,-3.469999999999999,-4.019999999999996,-3.1999999999999886,-25,-0.0019006889997624,-1.9459101490553128
2026-06-26,Uruguay,Spain,True,FIFA World Cup,1.0,1847.6,2073.6,-226.0,0.2140033977178425,0.7859966022821575,0.8,1.8,0.4,0.2727272727272727,0.8,1.3,0.45,0.4305555555555556,3.6,2.2,0.7,0.7073170731707318,3.1,1.8,0.8,0.8037974683544304,-0.2999999999999999,-0.35,-0.4345898004434591,-2.8,-0.4000000000000001,0.5,0.5,0.0,0.0,0.0,0,17,14,1673.07,16,82.26,82.38,83.75,80.54,1.0228457909113482,1.6107244746800498,270,5.602118820879701,0.0588235294117647,2.70805020110221,2,16,1876.4,2,84.31,84.06,85.96,81.55,1.030778663396689,2.2120201927951126,920,6.825460036255307,0.5,2.833213344056216,-2.049999999999997,-1.6800000000000068,-2.2099999999999937,-1.009999999999991,-650,-0.4411764705882353,-0.1251631429540061
2026-06-26,Senegal,Iraq,True,FIFA World Cup,1.0,1753.5,1545.1,208.4000000000001,0.7684619511751464,0.2315380488248536,1.0,1.6,0.5,0.5909090909090908,1.4,1.4,0.55,0.5757575757575758,0.4,1.4,0.3,0.3846153846153846,0.8,1.5,0.3,0.360759493670886,0.2,0.25,0.2062937062937062,0.6,0.2000000000000001,0.5,0.5,0.0,0.0,0.0,0,14,3,1686.41,13,79.32,80.15,76.69,79.3,1.0107187894073142,1.8030622100563651,260,5.564520407322694,0.0714285714285714,1.3862943611198906,57,1,1447.0,39,70.2,71.16,69.09,70.18,1.013964092333998,1.0354870029765348,15,2.772588722239781,0.0175438596491228,0.6931471805599453,9.11999999999999,8.990000000000009,7.599999999999994,9.11999999999999,245,0.0538847117794486,0.6931471805599453
2026-06-27,DR Congo,Uzbekistan,True,FIFA World Cup,1.0,1588.5,1565.4,23.09999999999991,0.5331946738898617,0.4668053261101382,0.8,1.2,0.3,0.2967032967032967,0.8,1.4,0.3,0.2993630573248408,1.6,0.8,0.6,0.6885245901639345,1.2,0.9,0.5,0.5096774193548387,-0.3,-0.2,-0.3918212934606377,-0.8,0.3999999999999999,0.5,0.5,0.0,0.0,0.0,0,46,1,1478.35,36,74.39,76.91,71.1,74.48,1.032626208378088,2.9179159229376954,65,4.189654742026425,0.0217391304347826,0.6931471805599453,50,0,1465.34,37,72.62,72.67,74.08,70.68,1.02815506508206,1.708225199829729,40,3.713572066704308,0.02,0.0,1.769999999999996,4.239999999999995,-2.980000000000004,3.799999999999997,25,0.0017391304347826,0.6931471805599453
2026-06-27,Colombia,Portugal,True,FIFA World Cup,1.0,1916.7,2048.6,-131.89999999999986,0.3188031635730245,0.6811968364269755,2.0,0.6,0.7,0.7000000000000001,1.6,1.2,0.45,0.3153846153846154,1.0,0.8,0.6,0.6129032258064516,1.4,0.7,0.75,0.7695035460992907,0.0999999999999999,-0.3,0.0870967741935484,1.0,-0.2,0.5,0.5,0.0,0.0,0.0,0,13,6,1693.09,12,79.68,82.37,79.35,78.43,1.0502358791278847,2.0611647192788847,380,5.942799375126701,0.0769230769230769,1.9459101490553128,5,8,1763.83,5,83.74,82.45,86.12,82.24,1.0025535019455254,2.182025053323941,850,6.746412128573375,0.2,2.19722457733622,-4.059999999999988,-0.0799999999999983,-6.77000000000001,-3.809999999999988,-470,-0.123076923076923,-0.2513144282809063
2026-06-27,Panama,England,True,FIFA World Cup,1.0,1592.3,1890.5,-298.20000000000005,0.1523125691415887,0.8476874308584113,1.0,1.0,0.5,0.5,0.9,1.8,0.35,0.3592233009708738,1.2,1.6,0.4,0.4523809523809524,1.5,1.2,0.55,0.5322580645161291,0.0999999999999999,-0.2,0.0476190476190476,-0.1999999999999999,-0.6000000000000001,0.4850526166936108,0.5149473833063891,0.2425263083468054,1.0,6.0,1,33,1,1540.64,29,71.68,71.04,71.68,72.16,0.984478935698448,0.5619015334854749,55,4.02535169073515,0.0303030303030303,0.6931471805599453,4,16,1825.97,4,84.06,85.32,85.54,81.18,1.0509977827050996,2.456203031781639,1300,7.170888478512505,0.25,2.833213344056216,-12.379999999999995,-14.279999999999989,-13.86,-9.02000000000001,-1245,-0.2196969696969697,-2.1400661634962708
2026-06-27,Algeria,Austria,True,FIFA World Cup,1.0,1797.0,1826.2,-29.200000000000045,0.4580764838751863,0.5419235161248137,2.2,1.4,0.7,0.7765957446808511,1.9,1.2,0.65,0.7077922077922078,2.8,1.2,0.7,0.6756756756756758,2.5,1.3,0.6,0.5547445255474452,0.0,0.05,0.1009200690051753,-0.5999999999999996,0.1999999999999999,0.5,0.5,0.0,0.0,0.0,0,28,4,1564.26,26,77.52,79.27,75.35,77.16,1.02734577501296,1.961912332394086,160,5.081404364984463,0.0357142857142857,1.6094379124341005,24,7,1593.45,22,78.91,78.39,79.48,78.32,1.0008937691521962,0.6504613747179809,195,5.278114659230517,0.0416666666666666,2.079441541679836,-1.3900000000000006,0.8799999999999955,-4.13000000000001,-1.1599999999999966,-35,-0.0059523809523809,-0.4700036292457354
2026-06-27,Jordan,Argentina,True,FIFA World Cup,1.0,1601.3,2003.7,-402.4000000000001,0.0897737479663747,0.9102262520336252,1.8,1.2,0.6,0.6428571428571429,1.0,1.0,0.45,0.4385964912280701,1.6,1.2,0.5,0.5,1.5,0.7,0.7,0.6637931034482759,0.0999999999999999,-0.2499999999999999,0.1428571428571429,0.1999999999999999,0.0,0.5,0.5,0.0,0.0,0.0,0,63,0,1391.0,42,70.24,72.37,69.09,67.57,1.0710374426520648,2.453188401516149,20,3.044522437723423,0.0158730158730158,0.0,3,18,1874.81,3,84.24,84.97,83.57,83.76,1.0144460362941738,0.7594076639065482,570,6.3473892096560105,0.3333333333333333,2.9444389791664403,-14.0,-12.599999999999994,-14.47999999999999,-16.190000000000012,-550,-0.3174603174603174,-2.9444389791664403
2026-06-27,Croatia,Ghana,True,FIFA World Cup,1.0,1904.8,1608.6,296.20000000000005,0.8461949997602958,0.1538050002397042,1.8,0.8,0.7,0.6756756756756758,1.3,1.2,0.5,0.4829931972789116,0.8,2.4,0.1,0.1931818181818181,0.8,2.4,0.15,0.252212389380531,0.6,0.35,0.4824938574938576,1.0,-1.6,0.5,0.5,0.0,0.0,0.0,0,11,6,1717.07,11,80.81,78.83,81.31,81.29,0.9697379751506948,1.4260902262246042,340,5.831882477283517,0.0909090909090909,1.9459101490553128,74,4,1346.0,45,75.83,76.81,77.55,73.19,1.0494603087853531,2.3331523739353166,130,4.875197323201151,0.0135135135135135,1.6094379124341005,4.980000000000004,2.019999999999996,3.760000000000005,8.100000000000009,210,0.0773955773955774,0.3364722366212129
