date,team,elo_rating
2018-01-01,France,1985.0
2018-01-01,Germany,2000.0
2018-01-01,Brazil,2078.0
2018-01-01,Argentina,1978.0
2018-01-01,Spain,2048.0
2018-01-01,Belgium,1899.0
2018-01-01,Portugal,1969.0
2018-01-01,England,1935.0
2018-01-01,Colombia,1882.0
2018-01-01,Netherlands,1883.0
2018-01-01,Croatia,1848.0
2018-01-01,Uruguay,1862.0
2018-01-01,Switzerland,1873.0
2018-01-01,Mexico,1838.0
2018-01-01,Japan,1771.0
2018-01-01,Denmark,1813.0
2018-01-01,Sweden,1759.0
2018-01-01,Australia,1740.0
2018-01-01,South Korea,1750.0
2018-01-01,Iran,1756.0
2018-01-01,Morocco,1706.0
2018-01-01,Senegal,1735.0
2018-01-01,Ecuador,1718.0
2018-01-01,Tunisia,1696.0
2018-01-01,Egypt,1686.0
2018-01-01,Algeria,1720.0
2018-01-01,Norway,1742.0
2018-01-01,Turkey,1795.0
2018-01-01,Austria,1720.0
2018-01-01,United States,1756.0
2018-01-01,Canada,1620.0
2018-01-01,Panama,1622.0
2018-01-01,Paraguay,1700.0
2018-01-01,Czech Republic,1726.0
2018-01-01,Scotland,1624.0
2018-01-01,Ivory Coast,1680.0
2018-01-01,Ghana,1673.0
2018-01-01,Uzbekistan,1490.0
2018-01-01,Qatar,1590.0
2018-01-01,Iraq,1618.0
2018-01-01,South Africa,1585.0
2018-01-01,Saudi Arabia,1604.0
2018-01-01,Jordan,1536.0
2018-01-01,Cape Verde,1540.0
2018-01-01,Bosnia and Herzegovina,1680.0
2018-01-01,DR Congo,1622.0
2018-01-01,Curaçao,1490.0
2018-01-01,Haiti,1530.0
2018-01-01,New Zealand,1440.0
2018-01-28,United States,1751.3
2018-01-28,Bosnia and Herzegovina,1684.7
2018-01-31,Mexico,1843.9
2018-01-31,Bosnia and Herzegovina,1678.8
2018-02-28,Iraq,1630.0
2018-02-28,Saudi Arabia,1592.0
2018-03-21,Iraq,1616.1
2018-03-21,Qatar,1603.8
2018-03-23,Uruguay,1871.4
2018-03-23,Czech Republic,1716.6
2018-03-23,Tunisia,1704.9
2018-03-23,Iran,1747.1
2018-03-23,Portugal,1972.3
2018-03-23,Egypt,1682.7
2018-03-23,Senegal,1728.9
2018-03-23,Uzbekistan,1496.1
2018-03-23,Netherlands,1871.6
2018-03-23,England,1946.4
2018-03-23,Germany,1998.5
2018-03-23,Spain,2049.5
2018-03-23,France,1969.7
2018-03-23,Colombia,1897.3
2018-03-23,Norway,1754.5
2018-03-23,Australia,1727.5
2018-03-24,Canada,1625.2
2018-03-24,New Zealand,1434.8
2018-03-26,Portugal,1949.8
2018-03-26,Netherlands,1894.1
2018-03-27,Morocco,1710.3
2018-03-27,Uzbekistan,1491.8
2018-03-27,United States,1757.2
2018-03-27,Paraguay,1694.1
2018-03-27,Switzerland,1878.0
2018-03-27,Panama,1617.0
2018-03-27,Spain,2060.3
2018-03-27,Argentina,1967.1
2018-03-27,Mexico,1834.0
2018-03-27,Croatia,1857.9
2018-03-27,Algeria,1710.8
2018-03-27,Iran,1756.4
2018-03-27,Bosnia and Herzegovina,1680.3
2018-03-27,Senegal,1727.5
2018-03-27,Belgium,1902.3
2018-03-27,Saudi Arabia,1588.8
2018-03-27,Australia,1732.0
2018-03-27,Colombia,1892.7
2018-03-27,Germany,1987.9
2018-03-27,Brazil,2088.6
2018-05-09,Algeria,1690.7
2018-05-09,Saudi Arabia,1608.8
2018-05-19,Iran,1758.6
2018-05-19,Uzbekistan,1489.6
2018-05-28,Turkey,1801.3
2018-05-28,Iran,1752.3
2018-05-28,Portugal,1942.3
2018-05-28,Tunisia,1712.4
2018-05-29,Argentina,1968.8
2018-05-29,Haiti,1528.4
2018-05-30,Japan,1748.3
2018-05-30,Ghana,1695.7
2018-06-01,Turkey,1798.8
2018-06-01,Tunisia,1714.9
2018-06-01,South Korea,1728.2
2018-06-01,Bosnia and Herzegovina,1702.0
2018-06-01,Czech Republic,1698.7
2018-06-01,Australia,1749.9
2018-06-01,Algeria,1674.5
2018-06-01,Cape Verde,1556.2
2018-06-01,Colombia,1887.3
2018-06-01,Egypt,1688.1
2018-06-02,Mexico,1836.8
2018-06-02,Scotland,1621.1
2018-06-02,Belgium,1900.6
2018-06-02,Portugal,1944.0
2018-06-02,Austria,1734.5
2018-06-02,Germany,1973.4
2018-06-03,Spain,2053.6
2018-06-03,Switzerland,1884.7
2018-06-03,Croatia,1851.6
2018-06-03,Brazil,2094.9
2018-06-06,Norway,1758.6
2018-06-06,Panama,1613.0
2018-06-06,Belgium,1905.5
2018-06-06,Egypt,1683.2
2018-06-07,Uruguay,1873.5
2018-06-07,Uzbekistan,1487.5
2018-06-07,Portugal,1947.7
2018-06-07,Algeria,1670.8
2018-06-08,Switzerland,1890.8
2018-06-08,Japan,1742.1
2018-06-08,Germany,1974.7
2018-06-08,Saudi Arabia,1607.5
2018-06-08,Croatia,1855.9
2018-06-08,Senegal,1723.2
2018-06-09,Tunisia,1712.5
2018-06-09,Spain,2056.1
2018-06-09,France,1962.6
2018-06-09,United States,1764.4
2018-06-10,Austria,1728.1
2018-06-10,Brazil,2101.3
2018-06-11,South Korea,1713.0
2018-06-11,Senegal,1738.4
2018-06-12,Japan,1755.1
2018-06-12,Paraguay,1681.2
2018-06-15,Egypt,1668.1
2018-06-15,Uruguay,1888.5
2018-06-15,Morocco,1683.9
2018-06-15,Iran,1778.7
2018-06-15,Portugal,1956.8
2018-06-15,Spain,2047.1
2018-06-16,France,1976.2
2018-06-16,Australia,1736.3
2018-06-17,Brazil,2085.0
2018-06-17,Switzerland,1907.0
2018-06-17,Germany,1933.4
2018-06-17,Mexico,1878.2
2018-06-18,Tunisia,1700.1
2018-06-18,England,1958.8
2018-06-18,Belgium,1922.0
2018-06-18,Panama,1596.5
2018-06-18,Sweden,1785.0
2018-06-18,South Korea,1686.9
2018-06-19,Colombia,1846.4
2018-06-19,Japan,1796.0
2018-06-20,Portugal,1967.1
2018-06-20,Morocco,1673.6
2018-06-20,Uruguay,1898.4
2018-06-20,Saudi Arabia,1597.6
2018-06-20,Iran,1768.1
2018-06-20,Spain,2057.6
2018-06-21,Argentina,1899.8
2018-06-21,Croatia,1924.9
2018-06-23,Belgium,1944.9
2018-06-23,Tunisia,1677.2
2018-06-23,South Korea,1672.0
2018-06-23,Mexico,1893.1
2018-06-23,Germany,1951.3
2018-06-23,Sweden,1767.1
2018-06-24,England,1972.0
2018-06-24,Panama,1583.3
2018-06-24,Japan,1791.1
2018-06-24,Senegal,1743.3
2018-06-25,Saudi Arabia,1633.6
2018-06-25,Egypt,1632.1
2018-06-25,Spain,2033.5
2018-06-25,Morocco,1697.7
2018-06-25,Iran,1783.7
2018-06-25,Portugal,1951.6
2018-06-27,Mexico,1822.4
2018-06-27,Sweden,1837.9
2018-06-27,South Korea,1746.9
2018-06-27,Germany,1876.3
2018-06-28,Senegal,1722.0
2018-06-28,Colombia,1867.8
2018-06-28,Panama,1561.2
2018-06-28,Tunisia,1699.3
2018-06-28,England,1939.7
2018-06-28,Belgium,1977.2
2018-06-30,France,1999.7
2018-06-30,Argentina,1876.3
2018-06-30,Uruguay,1933.0
2018-06-30,Portugal,1917.0
2018-07-02,Brazil,2101.3
2018-07-02,Mexico,1806.1
2018-07-02,Belgium,1992.5
2018-07-02,Japan,1775.8
2018-07-03,Sweden,1873.8
2018-07-03,Switzerland,1871.1
2018-07-03,Colombia,1873.9
2018-07-03,England,1933.6
2018-07-06,Uruguay,1896.5
2018-07-06,France,2036.2
2018-07-06,Brazil,2062.2
2018-07-06,Belgium,2031.6
2018-07-07,Sweden,1836.4
2018-07-07,England,1970.9
2018-07-10,France,2065.8
2018-07-10,Belgium,2002.0
2018-07-11,Croatia,1958.8
2018-07-11,England,1936.9
2018-07-14,Belgium,2038.7
2018-07-14,England,1900.3
2018-07-15,France,2097.4
2018-07-15,Croatia,1927.3
2018-09-06,Germany,1884.7
2018-09-06,France,2089.0
2018-09-06,Austria,1743.5
2018-09-06,Sweden,1821.1
2018-09-06,Portugal,1914.5
2018-09-06,Croatia,1929.8
2018-09-07,Mexico,1793.1
2018-09-07,Uruguay,1909.6
2018-09-07,Scotland,1615.9
2018-09-07,Belgium,2043.9
2018-09-07,United States,1757.1
2018-09-07,Brazil,2069.5
2018-09-08,England,1877.7
2018-09-08,Spain,2056.1
2018-09-09,France,2096.7
2018-09-09,Netherlands,1886.3
2018-09-10,Sweden,1787.6
2018-09-10,Turkey,1832.2
2018-09-11,Uzbekistan,1482.6
2018-09-11,Iran,1788.5
2018-09-11,United States,1765.3
2018-09-11,Mexico,1784.9
2018-09-11,England,1884.7
2018-09-11,Switzerland,1864.1
2018-09-11,Bosnia and Herzegovina,1722.9
2018-09-11,Austria,1722.6
2018-09-11,Spain,2078.8
2018-09-11,Croatia,1907.1
2018-09-11,Colombia,1874.0
2018-09-11,Argentina,1876.2
2018-10-11,Argentina,1883.1
2018-10-11,Iraq,1609.3
2018-10-11,Turkey,1826.8
2018-10-11,Bosnia and Herzegovina,1728.3
2018-10-11,United States,1750.7
2018-10-11,Colombia,1888.6
2018-10-12,Belgium,2052.2
2018-10-12,Switzerland,1855.8
2018-10-12,Croatia,1898.6
2018-10-12,England,1893.1
2018-10-12,Japan,1784.4
2018-10-12,Panama,1552.6
2018-10-12,South Korea,1758.7
2018-10-12,Uruguay,1897.8
2018-10-12,Qatar,1614.2
2018-10-12,Ecuador,1707.6
2018-10-12,Saudi Arabia,1629.8
2018-10-12,Brazil,2073.3
2018-10-13,Netherlands,1917.6
2018-10-13,Germany,1853.4
2018-10-14,Scotland,1608.7
2018-10-14,Portugal,1921.7
2018-10-15,Croatia,1899.9
2018-10-15,Jordan,1534.7
2018-10-15,Saudi Arabia,1626.5
2018-10-15,Iraq,1612.6
2018-10-15,Spain,2036.9
2018-10-15,England,1935.1
2018-10-16,France,2102.8
2018-10-16,Germany,1847.3
2018-10-16,Belgium,2046.3
2018-10-16,Netherlands,1923.5
2018-10-16,Japan,1802.5
2018-10-16,Uruguay,1879.6
2018-10-16,South Korea,1751.7
2018-10-16,Panama,1559.6
2018-10-16,Uzbekistan,1499.0
2018-10-16,Qatar,1597.9
2018-10-16,Argentina,1874.3
2018-10-16,Brazil,2082.0
2018-11-14,Switzerland,1838.1
2018-11-14,Qatar,1615.6
2018-11-15,Croatia,1927.6
2018-11-15,Spain,2009.3
2018-11-15,Austria,1716.0
2018-11-15,Bosnia and Herzegovina,1734.9
2018-11-15,England,1940.8
2018-11-15,United States,1745.0
2018-11-16,Netherlands,1969.4
2018-11-16,France,2056.9
2018-11-16,Argentina,1881.8
2018-11-16,Mexico,1777.4
2018-11-16,Brazil,2086.8
2018-11-16,Uruguay,1874.9
2018-11-16,Egypt,1650.2
2018-11-16,Tunisia,1681.1
2018-11-17,Australia,1733.9
2018-11-17,South Korea,1754.0
2018-11-17,Turkey,1792.3
2018-11-17,Sweden,1822.1
2018-11-18,Switzerland,1895.0
2018-11-18,Belgium,1989.4
2018-11-18,England,1957.9
2018-11-18,Croatia,1910.5
2018-11-18,Spain,2011.4
2018-11-18,Bosnia and Herzegovina,1732.8
2018-11-19,Germany,1848.9
2018-11-19,Netherlands,1967.8
2018-11-20,Argentina,1888.9
2018-11-20,Mexico,1770.3
2018-11-20,France,2060.2
2018-11-20,Uruguay,1871.6
2018-11-20,Jordan,1534.5
2018-11-20,Saudi Arabia,1626.7
2018-11-20,South Korea,1761.1
2018-11-20,Uzbekistan,1492.0
2018-11-20,Panama,1551.0
2018-11-20,Ecuador,1716.2
2018-11-20,South Africa,1584.9
2018-11-20,Paraguay,1681.3
2018-11-20,Tunisia,1668.8
2018-11-20,Morocco,1710.0
2018-12-23,Qatar,1623.4
2018-12-23,Jordan,1526.6
2018-12-27,Qatar,1611.9
2018-12-27,Algeria,1682.3
2018-12-31,Qatar,1604.1
2018-12-31,Iran,1796.4
2018-12-31,South Korea,1757.4
2018-12-31,Saudi Arabia,1630.4
2019-01-06,Australia,1695.6
2019-01-06,Jordan,1565.0
2019-01-16,Iran,1784.3
2019-01-16,Iraq,1624.7
2019-01-17,Saudi Arabia,1590.1
2019-01-17,Qatar,1644.4
2019-01-17,Japan,1809.7
2019-01-17,Uzbekistan,1484.8
2019-01-21,Australia,1682.0
2019-01-21,Uzbekistan,1498.3
2019-01-21,Japan,1820.7
2019-01-21,Saudi Arabia,1579.1
2019-01-22,Qatar,1668.0
2019-01-22,Iraq,1601.1
2019-01-25,South Korea,1726.1
2019-01-25,Qatar,1699.3
2019-01-27,United States,1750.4
2019-01-27,Panama,1545.6
2019-01-28,Iran,1745.1
2019-01-28,Japan,1859.9
2019-02-01,Japan,1806.2
2019-02-01,Qatar,1753.0
2019-03-21,United States,1756.7
2019-03-21,Ecuador,1709.9
2019-03-22,Japan,1787.8
2019-03-22,Colombia,1907.0
2019-03-22,England,1969.1
2019-03-22,Czech Republic,1687.4
2019-03-23,Spain,2017.2
2019-03-23,Norway,1752.8
2019-03-23,Brazil,2077.6
2019-03-23,Panama,1554.7
2019-03-24,Netherlands,1928.9
2019-03-24,Germany,1887.9
2019-03-26,Algeria,1689.2
2019-03-26,Tunisia,1661.9
2019-03-26,Czech Republic,1682.7
2019-03-26,Brazil,2082.4
2019-03-26,South Korea,1738.4
2019-03-26,Colombia,1894.7
2019-03-26,Morocco,1702.3
2019-03-26,Argentina,1896.7
2019-03-26,Paraguay,1670.0
2019-03-26,Mexico,1781.5
2019-03-26,Norway,1750.6
2019-03-26,Sweden,1824.3
2019-06-02,Turkey,1795.1
2019-06-02,Uzbekistan,1495.5
2019-06-03,Colombia,1897.3
2019-06-03,Panama,1552.1
2019-06-05,Brazil,2084.7
2019-06-05,Qatar,1750.7
2019-06-05,Portugal,1946.1
2019-06-05,Switzerland,1870.6
2019-06-06,England,1927.3
2019-06-06,Netherlands,1970.7
2019-06-07,Uruguay,1874.4
2019-06-07,Panama,1549.3
2019-06-07,South Korea,1744.2
2019-06-07,Australia,1676.2
2019-06-07,Tunisia,1670.5
2019-06-07,Iraq,1592.6
2019-06-08,Turkey,1849.2
2019-06-08,France,2006.1
2019-06-09,Mexico,1789.5
2019-06-09,Ecuador,1701.9
2019-06-09,Switzerland,1874.7
2019-06-09,England,1923.3
2019-06-09,Portugal,1965.8
2019-06-09,Netherlands,1951.1
2019-06-10,Spain,2030.8
2019-06-10,Sweden,1810.7
2019-06-11,Belgium,1994.5
2019-06-11,Scotland,1603.5
2019-06-11,Croatia,1892.9
2019-06-11,Tunisia,1688.0
2019-06-11,South Korea,1741.4
2019-06-11,Iran,1747.9
2019-06-15,Argentina,1859.2
2019-06-15,Colombia,1934.7
2019-06-15,Ghana,1692.6
2019-06-15,South Africa,1588.0
2019-06-16,Paraguay,1675.7
2019-06-16,Qatar,1745.0
2019-06-16,Uruguay,1899.8
2019-06-16,Ecuador,1676.6
2019-06-19,Mexico,1804.2
2019-06-19,Canada,1610.5
2019-06-19,Colombia,1947.3
2019-06-19,Qatar,1732.4
2019-06-19,Argentina,1847.1
2019-06-19,Paraguay,1687.8
2019-06-20,Uruguay,1892.0
2019-06-20,Japan,1795.6
2019-06-23,Colombia,1956.4
2019-06-23,Paraguay,1678.7
2019-06-23,Qatar,1706.9
2019-06-23,Argentina,1872.7
2019-06-24,Ivory Coast,1693.0
2019-06-24,South Africa,1575.0
2019-06-24,Ecuador,1684.8
2019-06-24,Japan,1787.4
2019-06-26,Egypt,1667.2
2019-06-26,DR Congo,1605.0
2019-06-26,United States,1761.8
2019-06-26,Panama,1544.2
2019-06-27,Senegal,1702.8
2019-06-27,Algeria,1708.3
2019-06-27,Brazil,2062.3
2019-06-27,Paraguay,1701.1
2019-06-28,Morocco,1719.3
2019-06-28,Ivory Coast,1675.9
2019-06-29,Haiti,1549.9
2019-06-29,Canada,1589.0
2019-06-30,United States,1765.5
2019-06-30,Curaçao,1486.3
2019-07-01,South Africa,1564.4
2019-07-01,Morocco,1729.9
2019-07-02,Brazil,2074.2
2019-07-02,Argentina,1860.8
2019-07-02,Haiti,1543.4
2019-07-02,Mexico,1810.8
2019-07-06,Egypt,1640.5
2019-07-06,South Africa,1591.1
2019-07-07,United States,1745.3
2019-07-07,Mexico,1831.0
2019-07-08,Ghana,1692.4
2019-07-08,Tunisia,1688.2
2019-07-11,Ivory Coast,1677.6
2019-07-11,Algeria,1706.7
2019-07-14,Senegal,1719.6
2019-07-14,Tunisia,1671.5
2019-07-19,Senegal,1701.4
2019-07-19,Algeria,1724.8
2019-08-10,Jordan,1596.9
2019-08-10,Saudi Arabia,1547.2
2019-09-05,Japan,1800.7
2019-09-05,Paraguay,1687.7
2019-09-06,United States,1727.1
2019-09-06,Mexico,1849.2
2019-09-06,Germany,1846.4
2019-09-06,Netherlands,1992.5
2019-09-06,Brazil,2070.9
2019-09-06,Colombia,1959.7
2019-09-07,Curaçao,1508.2
2019-09-07,Haiti,1521.4
2019-09-08,Sweden,1799.9
2019-09-08,Norway,1761.3
2019-09-09,Iraq,1589.9
2019-09-09,Uzbekistan,1498.3
2019-09-09,Scotland,1588.7
2019-09-09,Belgium,2009.3
2019-09-10,Argentina,1878.9
2019-09-10,Mexico,1831.1
2019-09-10,Ivory Coast,1687.4
2019-09-10,Tunisia,1661.6
2019-09-10,Jordan,1581.5
2019-09-10,Paraguay,1703.1
2019-09-10,United States,1728.9
2019-09-10,Uruguay,1890.1
2019-09-10,Haiti,1513.6
2019-09-10,Curaçao,1516.1
2019-10-09,Germany,1844.5
2019-10-09,Argentina,1880.8
2019-10-10,Brazil,2063.1
2019-10-10,Senegal,1709.3
2019-10-10,Algeria,1719.2
2019-10-10,DR Congo,1610.6
2019-10-11,Czech Republic,1717.3
2019-10-11,England,1888.7
2019-10-12,Ivory Coast,1695.4
2019-10-12,DR Congo,1602.7
2019-10-12,Norway,1772.7
2019-10-12,Spain,2019.5
2019-10-13,Ecuador,1675.1
2019-10-13,Argentina,1890.6
2019-10-14,France,1990.4
2019-10-14,Turkey,1864.9
2019-10-15,Mexico,1838.4
2019-10-15,Panama,1536.9
2019-10-15,Canada,1630.8
2019-10-15,United States,1687.1
2019-10-15,Algeria,1743.4
2019-10-15,Colombia,1935.5
2019-10-15,Sweden,1808.2
2019-10-15,Spain,2011.2
2019-11-14,Ghana,1706.7
2019-11-14,South Africa,1576.7
2019-11-14,Jordan,1561.2
2019-11-14,Australia,1696.5
2019-11-14,Iraq,1618.4
2019-11-14,Iran,1719.3
2019-11-14,Uzbekistan,1475.3
2019-11-14,Saudi Arabia,1570.1
2019-11-15,Brazil,2037.5
2019-11-15,Argentina,1916.1
2019-11-15,United States,1712.4
2019-11-15,Canada,1605.5
2019-11-15,Panama,1516.0
2019-11-15,Mexico,1859.3
2019-11-18,Argentina,1915.4
2019-11-18,Uruguay,1890.9
2019-11-19,Brazil,2042.9
2019-11-19,South Korea,1736.0
2019-11-19,Ecuador,1671.4
2019-11-19,Colombia,1939.1
2019-11-19,Saudi Arabia,1571.1
2019-11-19,Paraguay,1702.1
2019-11-26,Qatar,1680.7
2019-11-26,Iraq,1644.6
2019-12-05,Qatar,1653.8
2019-12-05,Saudi Arabia,1598.0
2019-12-18,South Korea,1751.7
2019-12-18,Japan,1785.0
2020-09-03,Germany,1849.2
2020-09-03,Spain,2006.5
2020-09-04,Norway,1737.1
2020-09-04,Austria,1751.6
2020-09-05,Portugal,1989.4
2020-09-05,Croatia,1869.3
2020-09-05,Sweden,1789.0
2020-09-05,France,2009.6
2020-09-06,Switzerland,1866.0
2020-09-06,Germany,1857.9
2020-09-07,Czech Republic,1677.9
2020-09-07,Scotland,1628.1
2020-09-08,France,2024.6
2020-09-08,Croatia,1854.3
2020-09-08,Sweden,1762.0
2020-09-08,Portugal,2016.4
2020-10-07,Germany,1855.3
2020-10-07,Turkey,1867.5
2020-10-07,Netherlands,1976.7
2020-10-07,Mexico,1875.1
2020-10-07,Portugal,2013.3
2020-10-07,Spain,2009.6
2020-10-07,Switzerland,1852.9
2020-10-07,Croatia,1867.4
2020-10-08,Uzbekistan,1469.3
2020-10-08,Iran,1725.4
2020-10-08,Argentina,1920.2
2020-10-08,Ecuador,1666.6
2020-10-08,Belgium,2001.0
2020-10-08,Ivory Coast,1703.7
2020-10-09,Morocco,1739.9
2020-10-09,Senegal,1699.3
2020-10-10,Spain,2018.9
2020-10-10,Switzerland,1843.6
2020-10-11,Bosnia and Herzegovina,1742.6
2020-10-11,Netherlands,1966.9
2020-10-11,England,1914.5
2020-10-11,Belgium,1975.1
2020-10-11,Croatia,1879.1
2020-10-11,Sweden,1750.3
2020-10-11,France,2016.9
2020-10-11,Portugal,2021.1
2020-10-12,Ghana,1722.7
2020-10-12,Qatar,1637.8
2020-10-13,Germany,1847.5
2020-10-13,Switzerland,1851.4
2020-10-13,Japan,1792.7
2020-10-13,Ivory Coast,1696.0
2020-10-13,Mexico,1871.5
2020-10-13,Algeria,1747.1
2020-10-13,Morocco,1734.0
2020-10-13,DR Congo,1608.6
2020-10-13,Ecuador,1706.9
2020-10-13,Uruguay,1850.6
2020-10-14,Scotland,1649.5
2020-10-14,Czech Republic,1656.5
2020-10-14,Croatia,1856.8
2020-10-14,France,2039.2
2020-10-14,Portugal,2030.3
2020-10-14,Sweden,1741.0
2020-11-11,Belgium,1979.4
2020-11-11,Switzerland,1847.1
2020-11-11,Germany,1850.7
2020-11-11,Czech Republic,1653.3
2020-11-11,Netherlands,1965.5
2020-11-11,Spain,2020.2
2020-11-11,Turkey,1864.5
2020-11-11,Croatia,1859.9
2020-11-12,Bosnia and Herzegovina,1722.7
2020-11-12,Iran,1745.3
2020-11-12,Jordan,1563.5
2020-11-12,Iraq,1642.2
2020-11-12,Argentina,1905.8
2020-11-12,Paraguay,1716.6
2020-11-13,Japan,1796.1
2020-11-13,Panama,1512.6
2020-11-13,Colombia,1886.8
2020-11-13,Uruguay,1902.9
2020-11-14,Portugal,1998.9
2020-11-14,France,2070.6
2020-11-14,Sweden,1767.4
2020-11-14,Croatia,1833.6
2020-11-14,Switzerland,1852.2
2020-11-14,Spain,2015.0
2020-11-14,Mexico,1878.2
2020-11-14,South Korea,1745.0
2020-11-15,Netherlands,1974.6
2020-11-15,Bosnia and Herzegovina,1713.6
2020-11-15,Belgium,2000.4
2020-11-15,England,1893.6
2020-11-16,United States,1721.4
2020-11-16,Panama,1503.6
2020-11-17,Croatia,1813.2
2020-11-17,Portugal,2019.3
2020-11-17,France,2077.3
2020-11-17,Sweden,1760.7
2020-11-17,Spain,2034.1
2020-11-17,Germany,1831.6
2020-11-17,Japan,1784.6
2020-11-17,Mexico,1889.7
2020-11-17,South Korea,1752.1
2020-11-17,Qatar,1630.8
2020-11-17,Uzbekistan,1463.9
2020-11-17,Iraq,1647.6
2020-11-17,Ecuador,1755.9
2020-11-17,Colombia,1837.8
2020-11-17,Uruguay,1876.4
2020-11-17,Brazil,2069.5
2020-11-18,Austria,1743.6
2020-11-18,Norway,1745.0
2021-02-15,Jordan,1544.3
2021-02-15,Uzbekistan,1483.1
2021-03-24,Turkey,1895.3
2021-03-24,Netherlands,1943.8
2021-03-25,Scotland,1649.2
2021-03-25,Austria,1744.0
2021-03-25,South Africa,1579.4
2021-03-25,Ghana,1720.0
2021-03-25,Japan,1795.7
2021-03-25,South Korea,1740.9
2021-03-27,Czech Republic,1665.5
2021-03-27,Belgium,1988.1
2021-03-27,Norway,1724.3
2021-03-27,Turkey,1916.1
2021-03-29,Uzbekistan,1474.9
2021-03-29,Iraq,1655.8
2021-03-31,Bosnia and Herzegovina,1706.4
2021-03-31,France,2084.5
2021-05-30,Switzerland,1856.4
2021-05-30,United States,1717.2
2021-06-02,England,1897.5
2021-06-02,Austria,1740.1
2021-06-02,Netherlands,1936.9
2021-06-02,Scotland,1656.1
2021-06-03,Uruguay,1863.7
2021-06-03,Paraguay,1729.3
2021-06-04,Spain,2030.9
2021-06-04,Portugal,2022.4
2021-06-04,Brazil,2074.6
2021-06-04,Ecuador,1750.8
2021-06-05,Tunisia,1667.5
2021-06-05,DR Congo,1602.7
2021-06-06,United States,1747.4
2021-06-06,Mexico,1859.6
2021-06-06,Belgium,1991.6
2021-06-06,Croatia,1809.8
2021-06-08,Colombia,1835.9
2021-06-08,Argentina,1907.6
2021-06-08,Paraguay,1717.5
2021-06-08,Brazil,2086.3
2021-06-08,Morocco,1740.8
2021-06-08,Ghana,1713.2
2021-06-08,Senegal,1705.3
2021-06-08,Cape Verde,1550.2
2021-06-11,Tunisia,1651.6
2021-06-11,Algeria,1762.9
2021-06-12,Haiti,1493.1
2021-06-12,Canada,1625.9
2021-06-12,Panama,1518.7
2021-06-12,Curaçao,1501.0
2021-06-12,Ghana,1709.9
2021-06-12,Ivory Coast,1699.2
2021-06-13,England,1910.1
2021-06-13,Croatia,1797.1
2021-06-13,Colombia,1854.9
2021-06-13,Ecuador,1731.8
2021-06-14,Scotland,1609.0
2021-06-14,Czech Republic,1712.6
2021-06-14,Spain,2011.2
2021-06-14,Sweden,1780.4
2021-06-15,Curaçao,1496.4
2021-06-15,Panama,1523.3
2021-06-15,Canada,1648.2
2021-06-15,Haiti,1470.9
2021-06-15,Germany,1817.0
2021-06-15,France,2099.1
2021-06-15,Iran,1755.4
2021-06-15,Iraq,1645.7
2021-06-15,Australia,1708.3
2021-06-15,Jordan,1532.6
2021-06-15,Saudi Arabia,1613.2
2021-06-15,Uzbekistan,1459.7
2021-06-17,Netherlands,1948.4
2021-06-17,Austria,1728.6
2021-06-18,Croatia,1791.2
2021-06-18,Czech Republic,1718.6
2021-06-18,England,1889.6
2021-06-18,Scotland,1629.5
2021-06-18,Argentina,1929.5
2021-06-18,Uruguay,1841.8
2021-06-19,Germany,1865.5
2021-06-19,Portugal,1973.9
2021-06-20,Switzerland,1900.3
2021-06-20,Turkey,1872.2
2021-06-21,Argentina,1940.9
2021-06-21,Paraguay,1706.1
2021-06-22,Scotland,1598.6
2021-06-22,Croatia,1822.1
2021-06-22,England,1898.3
2021-06-22,Czech Republic,1709.9
2021-06-23,Portugal,1982.5
2021-06-23,France,2090.5
2021-06-23,Brazil,2092.8
2021-06-23,Colombia,1848.5
2021-06-27,Netherlands,1888.5
2021-06-27,Czech Republic,1769.7
2021-06-27,Belgium,2015.9
2021-06-27,Portugal,1958.2
2021-06-27,Brazil,2071.1
2021-06-27,Ecuador,1753.5
2021-06-28,Uruguay,1857.5
2021-06-28,Paraguay,1690.4
2021-06-28,France,2078.0
2021-06-28,Switzerland,1912.8
2021-06-28,Croatia,1803.2
2021-06-28,Spain,2030.1
2021-06-29,England,1922.2
2021-06-29,Germany,1841.7
2021-06-30,Mexico,1864.0
2021-06-30,Panama,1518.9
2021-07-02,Switzerland,1920.9
2021-07-02,Spain,2021.9
2021-07-03,Uruguay,1856.9
2021-07-03,Colombia,1849.1
2021-07-03,Argentina,1963.1
2021-07-03,Ecuador,1731.3
2021-07-06,Argentina,1955.2
2021-07-06,Colombia,1857.0
2021-07-10,Brazil,2032.3
2021-07-10,Argentina,1994.0
2021-07-11,United States,1751.0
2021-07-11,Haiti,1467.3
2021-07-13,Qatar,1625.4
2021-07-13,Panama,1524.4
2021-07-15,Haiti,1451.3
2021-07-15,Canada,1664.2
2021-07-18,South Africa,1580.7
2021-07-18,Senegal,1703.9
2021-07-18,United States,1759.9
2021-07-18,Canada,1655.3
2021-07-29,United States,1767.1
2021-07-29,Qatar,1618.2
2021-07-29,Mexico,1872.1
2021-07-29,Canada,1647.2
2021-08-01,United States,1784.8
2021-08-01,Mexico,1854.3
2021-09-01,France,2060.5
2021-09-01,Bosnia and Herzegovina,1723.9
2021-09-01,Norway,1728.0
2021-09-01,Netherlands,1884.9
2021-09-02,South Korea,1730.7
2021-09-02,Iraq,1655.9
2021-09-02,Sweden,1808.1
2021-09-02,Spain,1994.2
2021-09-02,Ecuador,1749.8
2021-09-02,Paraguay,1672.0
2021-09-04,Haiti,1469.7
2021-09-04,Jordan,1514.1
2021-09-04,Qatar,1614.5
2021-09-04,Portugal,1961.9
2021-09-05,Sweden,1809.5
2021-09-05,Uzbekistan,1458.3
2021-09-05,Belgium,2024.3
2021-09-05,Czech Republic,1761.3
2021-09-05,Paraguay,1676.8
2021-09-05,Colombia,1852.2
2021-09-05,United States,1772.9
2021-09-05,Canada,1659.0
2021-09-06,South Africa,1602.4
2021-09-06,Ghana,1688.3
2021-09-07,Austria,1697.0
2021-09-07,Scotland,1630.2
2021-09-07,Netherlands,1912.3
2021-09-07,Turkey,1844.7
2021-09-07,Iraq,1630.7
2021-09-07,Iran,1780.6
2021-09-08,Panama,1535.9
2021-09-08,Mexico,1842.7
2021-09-09,Uruguay,1866.2
2021-09-09,Ecuador,1740.5
2021-10-07,Saudi Arabia,1637.8
2021-10-07,Japan,1771.0
2021-10-07,Mexico,1829.3
2021-10-07,Canada,1672.5
2021-10-07,Paraguay,1687.9
2021-10-07,Argentina,1982.9
2021-10-07,Uruguay,1859.9
2021-10-07,Colombia,1858.6
2021-10-07,Belgium,2001.9
2021-10-07,France,2082.9
2021-10-08,Turkey,1833.7
2021-10-08,Norway,1739.0
2021-10-09,Curaçao,1484.6
2021-10-09,New Zealand,1446.5
2021-10-09,Portugal,1964.4
2021-10-09,Qatar,1612.0
2021-10-10,Spain,1975.5
2021-10-10,France,2101.7
2021-10-10,Argentina,1998.0
2021-10-10,Uruguay,1844.7
2021-10-10,Panama,1563.4
2021-10-10,United States,1745.4
2021-10-10,Colombia,1862.7
2021-10-10,Brazil,2028.1
2021-10-12,Iran,1772.5
2021-10-12,South Korea,1738.9
2021-10-12,Japan,1782.3
2021-10-12,Australia,1697.0
2021-10-12,Jordan,1524.3
2021-10-12,Uzbekistan,1448.2
2021-10-13,Canada,1688.7
2021-10-13,Panama,1547.3
2021-10-14,Colombia,1851.5
2021-10-14,Ecuador,1751.8
2021-10-14,Brazil,2039.5
2021-10-14,Uruguay,1833.2
2021-10-27,Mexico,1817.1
2021-10-27,Ecuador,1764.0
2021-11-11,Australia,1688.5
2021-11-11,Saudi Arabia,1646.4
2021-11-11,Brazil,2045.9
2021-11-11,Colombia,1845.1
2021-11-12,United States,1773.0
2021-11-12,Mexico,1789.5
2021-11-12,Uruguay,1816.9
2021-11-12,Argentina,2014.4
2021-11-14,Ghana,1698.5
2021-11-14,South Africa,1592.1
2021-11-14,Spain,1982.6
2021-11-14,Sweden,1802.4
2021-11-16,Argentina,2010.5
2021-11-16,Brazil,2049.8
2021-11-16,Colombia,1832.5
2021-11-16,Paraguay,1700.5
2021-11-16,Netherlands,1922.6
2021-11-16,Norway,1728.7
2021-11-16,Canada,1708.7
2021-11-16,Mexico,1769.5
2021-11-16,Iraq,1606.2
2021-11-16,South Korea,1763.3
2021-12-01,Saudi Arabia,1623.0
2021-12-01,Jordan,1547.7
2021-12-04,Jordan,1531.4
2021-12-04,Morocco,1757.0
2021-12-06,Qatar,1633.6
2021-12-06,Iraq,1584.6
2021-12-07,Morocco,1768.1
2021-12-07,Saudi Arabia,1611.9
2021-12-07,Algeria,1757.0
2021-12-07,Egypt,1646.4
2021-12-11,Egypt,1664.3
2021-12-11,Jordan,1513.6
2021-12-11,Morocco,1767.6
2021-12-11,Algeria,1757.6
2021-12-15,Tunisia,1669.7
2021-12-15,Egypt,1646.2
2021-12-15,Qatar,1617.3
2021-12-15,Algeria,1773.9
2021-12-18,Qatar,1613.7
2021-12-18,Egypt,1649.7
2021-12-18,Tunisia,1651.1
2021-12-18,Algeria,1792.5
2021-12-18,United States,1779.0
2021-12-18,Bosnia and Herzegovina,1718.0
2022-01-05,Algeria,1805.4
2022-01-05,Ghana,1685.6
2022-01-10,Morocco,1781.0
2022-01-10,Ghana,1672.2
2022-01-20,Ivory Coast,1733.2
2022-01-20,Algeria,1771.3
2022-01-25,Senegal,1719.3
2022-01-25,Cape Verde,1534.9
2022-01-26,Ivory Coast,1729.1
2022-01-26,Egypt,1653.8
2022-01-27,Iran,1778.9
2022-01-27,Iraq,1578.2
2022-01-27,Ecuador,1773.7
2022-01-27,Brazil,2040.0
2022-01-27,Paraguay,1681.4
2022-01-27,Uruguay,1836.0
2022-01-28,Jordan,1525.7
2022-01-28,New Zealand,1434.4
2022-01-30,Egypt,1677.5
2022-01-30,Morocco,1757.4
2022-01-30,Canada,1736.2
2022-01-30,United States,1751.5
2022-02-01,Japan,1792.8
2022-02-01,Saudi Arabia,1601.5
2022-02-01,Argentina,2017.2
2022-02-01,Colombia,1825.8
2022-02-01,Brazil,2045.0
2022-02-01,Paraguay,1676.4
2022-02-02,Mexico,1774.9
2022-02-02,Panama,1541.9
2022-02-06,Senegal,1717.2
2022-02-06,Egypt,1679.6
2022-03-24,Mexico,1768.1
2022-03-24,United States,1758.3
2022-03-24,South Korea,1786.2
2022-03-24,Iran,1756.0
2022-03-24,Australia,1658.8
2022-03-24,Japan,1822.4
2022-03-24,Paraguay,1706.2
2022-03-24,Ecuador,1744.0
2022-03-24,Portugal,1976.9
2022-03-24,Turkey,1821.1
2022-03-24,Sweden,1814.7
2022-03-24,Czech Republic,1749.0
2022-03-25,DR Congo,1605.8
2022-03-25,Morocco,1754.2
2022-03-25,Egypt,1696.0
2022-03-25,Senegal,1700.7
2022-03-25,France,2102.9
2022-03-25,Ivory Coast,1727.9
2022-03-26,England,1929.3
2022-03-26,Switzerland,1913.7
2022-03-27,United States,1768.8
2022-03-27,Panama,1531.4
2022-03-29,Netherlands,1917.9
2022-03-29,Germany,1846.5
2022-03-29,France,2104.9
2022-03-29,South Africa,1590.1
2022-03-29,England,1934.6
2022-03-29,Ivory Coast,1722.6
2022-03-29,Austria,1692.6
2022-03-29,Scotland,1634.7
2022-03-29,Ecuador,1753.2
2022-03-29,Argentina,2008.0
2022-03-29,Saudi Arabia,1619.0
2022-03-29,Australia,1641.3
2022-03-29,Senegal,1714.9
2022-03-29,Egypt,1681.9
2022-03-29,Morocco,1767.8
2022-03-29,DR Congo,1592.3
2022-03-30,Panama,1557.3
2022-03-30,Canada,1710.3
2022-06-01,Australia,1648.1
2022-06-01,Jordan,1518.9
2022-06-01,United States,1781.3
2022-06-01,Morocco,1755.2
2022-06-02,Czech Republic,1778.6
2022-06-02,Switzerland,1884.1
2022-06-02,Spain,1975.2
2022-06-02,Portugal,1984.3
2022-06-02,Japan,1830.2
2022-06-02,Paraguay,1698.4
2022-06-02,South Korea,1775.4
2022-06-02,Brazil,2055.8
2022-06-02,Mexico,1753.9
2022-06-02,Uruguay,1850.1
2022-06-03,Croatia,1735.7
2022-06-03,Austria,1760.0
2022-06-03,Belgium,1936.9
2022-06-03,Netherlands,1982.8
2022-06-05,United States,1780.4
2022-06-05,Uruguay,1851.0
2022-06-05,Mexico,1753.9
2022-06-05,Ecuador,1753.2
2022-06-05,Saudi Arabia,1614.4
2022-06-05,Colombia,1830.4
2022-06-05,Czech Republic,1785.4
2022-06-05,Spain,1968.4
2022-06-05,Portugal,2006.8
2022-06-05,Switzerland,1861.6
2022-06-05,Sweden,1777.5
2022-06-05,Norway,1766.0
2022-06-06,Croatia,1752.0
2022-06-06,France,2088.7
2022-06-06,Japan,1823.7
2022-06-06,Brazil,2062.3
2022-06-07,Germany,1845.6
2022-06-07,England,1935.4
2022-06-09,Morocco,1762.4
2022-06-09,South Africa,1583.0
2022-06-09,Canada,1722.8
2022-06-09,Curaçao,1472.2
2022-06-09,Portugal,2017.0
2022-06-09,Czech Republic,1775.2
2022-06-09,Switzerland,1837.1
2022-06-09,Spain,1992.9
2022-06-10,Austria,1774.4
2022-06-10,France,2074.2
2022-06-10,South Korea,1770.7
2022-06-10,Paraguay,1703.0
2022-06-10,Japan,1835.3
2022-06-10,Ghana,1660.5
2022-06-11,Ecuador,1757.6
2022-06-11,Cape Verde,1530.5
2022-06-11,Uruguay,1854.7
2022-06-11,Panama,1553.5
2022-06-12,Iran,1746.5
2022-06-12,Algeria,1780.9
2022-06-12,Norway,1784.7
2022-06-12,Sweden,1758.7
2022-06-12,Switzerland,1867.8
2022-06-12,Portugal,1986.4
2022-06-12,Spain,2003.3
2022-06-12,Czech Republic,1764.8
2022-06-13,France,2028.3
2022-06-13,Croatia,1797.9
2022-06-14,Japan,1784.1
2022-06-14,Tunisia,1702.4
2022-06-14,South Korea,1779.6
2022-06-14,Egypt,1673.0
2022-07-27,Japan,1805.7
2022-07-27,South Korea,1757.9
2022-08-31,Mexico,1742.5
2022-08-31,Paraguay,1714.5
2022-09-22,Australia,1650.9
2022-09-22,New Zealand,1431.6
2022-09-22,France,2036.9
2022-09-22,Austria,1765.8
2022-09-23,Japan,1830.1
2022-09-23,United States,1756.1
2022-09-23,Brazil,2065.5
2022-09-23,Ghana,1657.3
2022-09-23,Canada,1733.2
2022-09-23,Qatar,1603.3
2022-09-23,Iran,1759.5
2022-09-23,Uruguay,1841.7
2022-09-23,Saudi Arabia,1618.3
2022-09-23,Ecuador,1753.7
2022-09-24,Spain,1963.6
2022-09-24,Switzerland,1907.5
2022-09-24,Czech Republic,1733.7
2022-09-24,Portugal,2017.5
2022-09-25,New Zealand,1421.5
2022-09-25,Australia,1660.9
2022-09-25,Austria,1721.0
2022-09-25,Croatia,1842.7
2022-09-25,Netherlands,1997.9
2022-09-25,Belgium,1921.8
2022-09-26,England,1923.0
2022-09-26,Germany,1858.1
2022-09-27,Brazil,2069.6
2022-09-27,Tunisia,1698.3
2022-09-27,Canada,1722.8
2022-09-27,Uruguay,1852.2
2022-09-27,Ecuador,1757.5
2022-09-27,Japan,1826.3
2022-09-27,Iran,1758.2
2022-09-27,Senegal,1716.2
2022-09-27,Mexico,1734.9
2022-09-27,Colombia,1837.9
2022-09-27,Paraguay,1715.9
2022-09-27,Morocco,1761.0
2022-09-27,Saudi Arabia,1622.1
2022-09-27,United States,1752.3
2022-09-27,Portugal,1982.1
2022-09-27,Spain,1999.0
2022-09-27,Switzerland,1916.1
2022-09-27,Czech Republic,1725.2
2022-11-07,Qatar,1611.9
2022-11-07,Panama,1545.0
2022-11-09,Mexico,1745.8
2022-11-09,Iraq,1567.4
2022-11-10,Saudi Arabia,1619.9
2022-11-10,Panama,1547.1
2022-11-12,Iraq,1572.4
2022-11-12,Ecuador,1752.5
2022-11-16,Iran,1740.6
2022-11-16,Tunisia,1715.8
2022-11-16,Mexico,1736.1
2022-11-16,Sweden,1768.3
2022-11-16,Saudi Arabia,1613.3
2022-11-16,Croatia,1849.3
2022-11-16,Turkey,1824.3
2022-11-16,Scotland,1631.4
2022-11-17,Japan,1813.4
2022-11-17,Canada,1735.6
2022-11-17,Jordan,1515.9
2022-11-17,Spain,2002.0
2022-11-17,Switzerland,1891.6
2022-11-17,Ghana,1681.8
2022-11-18,Egypt,1689.2
2022-11-18,Belgium,1905.7
2022-11-19,Colombia,1847.9
2022-11-19,Paraguay,1705.9
2022-11-19,Sweden,1779.6
2022-11-19,Algeria,1769.6
2022-11-19,Turkey,1829.1
2022-11-19,Czech Republic,1720.3
2022-11-20,Qatar,1572.1
2022-11-20,Ecuador,1792.3
2022-11-21,England,1952.1
2022-11-21,Iran,1711.5
2022-11-21,Senegal,1701.3
2022-11-21,Netherlands,2012.8
2022-11-22,Argentina,1953.6
2022-11-22,Saudi Arabia,1667.7
2022-11-22,France,2047.8
2022-11-22,Australia,1650.1
2022-11-23,Germany,1824.2
2022-11-23,Japan,1847.2
2022-11-23,Morocco,1768.5
2022-11-23,Croatia,1841.8
2022-11-23,Belgium,1922.1
2022-11-23,Canada,1719.3
2022-11-24,Uruguay,1844.2
2022-11-24,South Korea,1765.8
2022-11-24,Portugal,1991.1
2022-11-24,Ghana,1672.8
2022-11-25,Qatar,1530.9
2022-11-25,Senegal,1742.5
2022-11-25,Netherlands,1995.9
2022-11-25,Ecuador,1809.1
2022-11-25,England,1936.6
2022-11-25,United States,1767.9
2022-11-26,Argentina,1973.6
2022-11-26,Mexico,1716.1
2022-11-26,Tunisia,1680.2
2022-11-26,Australia,1685.7
2022-11-27,Belgium,1858.4
2022-11-27,Morocco,1832.1
2022-11-27,Croatia,1876.5
2022-11-27,Canada,1684.5
2022-11-27,Spain,1987.9
2022-11-27,Germany,1838.4
2022-11-28,Brazil,2085.4
2022-11-28,Switzerland,1875.8
2022-11-28,South Korea,1728.0
2022-11-28,Ghana,1710.6
2022-11-28,Portugal,2018.2
2022-11-28,Uruguay,1817.2
2022-11-29,Ecuador,1773.5
2022-11-29,Senegal,1778.2
2022-11-29,Qatar,1521.1
2022-11-29,Netherlands,2005.7
2022-11-29,Iran,1686.3
2022-11-29,United States,1793.1
2022-11-30,Saudi Arabia,1641.8
2022-11-30,Mexico,1742.0
2022-11-30,Tunisia,1733.8
2022-11-30,France,1994.2
2022-12-01,Japan,1888.8
2022-12-01,Spain,1946.3
2022-12-01,Croatia,1875.0
2022-12-01,Belgium,1860.0
2022-12-01,Canada,1666.6
2022-12-01,Morocco,1850.1
2022-12-02,South Korea,1778.5
2022-12-02,Portugal,1967.7
2022-12-02,Ghana,1679.0
2022-12-02,Uruguay,1848.8
2022-12-03,Argentina,1983.2
2022-12-03,Australia,1676.1
2022-12-03,Netherlands,2026.2
2022-12-03,United States,1772.6
2022-12-04,England,1966.7
2022-12-04,Senegal,1748.1
2022-12-05,Japan,1887.6
2022-12-05,Croatia,1876.2
2022-12-05,Brazil,2100.8
2022-12-05,South Korea,1763.2
2022-12-06,Morocco,1858.2
2022-12-06,Spain,1938.2
2022-12-06,Portugal,2012.1
2022-12-06,Switzerland,1831.3
2022-12-09,Croatia,1893.2
2022-12-09,Brazil,2083.7
2022-12-09,Netherlands,2022.5
2022-12-09,Argentina,1986.9
2022-12-10,Morocco,1900.7
2022-12-10,Portugal,1969.7
2022-12-10,England,1939.0
2022-12-10,France,2021.8
2022-12-13,Argentina,2025.6
2022-12-13,Croatia,1854.6
2022-12-14,France,2051.8
2022-12-14,Morocco,1870.8
2022-12-17,Croatia,1886.0
2022-12-17,Morocco,1839.4
2022-12-18,Argentina,2027.8
2022-12-18,France,2049.5
2023-01-09,Iraq,1596.3
2023-01-09,Saudi Arabia,1617.9
2023-01-16,Iraq,1605.7
2023-01-16,Qatar,1511.7
2023-01-28,United States,1771.9
2023-01-28,Colombia,1848.6
2023-03-23,Argentina,2028.9
2023-03-23,Panama,1546.1
2023-03-24,Australia,1691.0
2023-03-24,Ecuador,1758.6
2023-03-24,Japan,1883.8
2023-03-24,Uruguay,1852.6
2023-03-24,South Korea,1762.7
2023-03-24,Colombia,1849.0
2023-03-24,France,2080.0
2023-03-24,Netherlands,1992.0
2023-03-24,Sweden,1733.4
2023-03-24,Belgium,1906.2
2023-03-25,Morocco,1853.3
2023-03-25,Brazil,2069.7
2023-03-25,Spain,1954.7
2023-03-25,Norway,1768.2
2023-03-25,Curaçao,1444.6
2023-03-25,Canada,1694.1
2023-03-28,Turkey,1787.0
2023-03-28,Croatia,1928.1
2023-03-28,Scotland,1690.2
2023-03-28,Spain,1896.0
2023-03-28,Japan,1870.1
2023-03-28,Colombia,1862.7
2023-03-28,South Korea,1752.4
2023-03-28,Uruguay,1862.9
2023-03-28,Germany,1827.4
2023-03-28,Belgium,1917.1
2023-03-28,Australia,1680.1
2023-03-28,Ecuador,1769.5
2023-03-28,Argentina,2029.7
2023-03-28,Curaçao,1443.8
2023-04-19,United States,1768.3
2023-04-19,Mexico,1745.5
2023-06-12,Morocco,1844.9
2023-06-12,Cape Verde,1538.9
2023-06-14,Netherlands,1938.0
2023-06-14,Croatia,1982.1
2023-06-15,Panama,1523.7
2023-06-15,Canada,1716.6
2023-06-15,United States,1797.2
2023-06-15,Mexico,1716.6
2023-06-15,Argentina,2033.3
2023-06-15,Australia,1676.5
2023-06-16,Colombia,1866.4
2023-06-16,Iraq,1602.0
2023-06-16,Sweden,1736.4
2023-06-16,New Zealand,1418.5
2023-06-17,Portugal,1979.9
2023-06-17,Bosnia and Herzegovina,1707.7
2023-06-17,South Africa,1611.7
2023-06-17,Morocco,1816.2
2023-06-17,Norway,1731.4
2023-06-17,Scotland,1727.0
2023-06-17,Belgium,1899.8
2023-06-17,Austria,1738.3
2023-06-18,Panama,1511.3
2023-06-18,Mexico,1729.0
2023-06-18,United States,1816.8
2023-06-18,Canada,1697.0
2023-06-18,Croatia,1976.0
2023-06-18,Spain,1902.1
2023-06-20,Algeria,1765.9
2023-06-20,Tunisia,1737.5
2023-06-20,Brazil,2043.8
2023-06-20,Senegal,1774.1
2023-06-20,Germany,1809.8
2023-06-20,Colombia,1884.0
2023-06-20,Austria,1765.1
2023-06-20,Sweden,1709.6
2023-06-20,Uzbekistan,1437.3
2023-06-20,Iran,1697.2
2023-06-25,Haiti,1489.3
2023-06-25,Qatar,1492.1
2023-06-29,Haiti,1478.8
2023-06-29,Mexico,1739.6
2023-07-02,Mexico,1711.4
2023-07-02,Qatar,1520.3
2023-07-08,Panama,1545.0
2023-07-08,Qatar,1486.7
2023-07-09,United States,1807.0
2023-07-09,Canada,1706.8
2023-07-12,United States,1793.4
2023-07-12,Panama,1558.6
2023-07-16,Mexico,1721.6
2023-07-16,Panama,1548.3
2023-09-07,Argentina,2037.6
2023-09-07,Ecuador,1765.1
2023-09-07,Norway,1737.4
2023-09-07,Jordan,1509.9
2023-09-09,Germany,1790.3
2023-09-09,Japan,1889.6
2023-09-09,Mexico,1720.3
2023-09-09,Australia,1677.8
2023-09-09,United States,1795.8
2023-09-09,Uzbekistan,1434.9
2023-09-12,South Africa,1618.4
2023-09-12,DR Congo,1585.6
2023-09-12,Senegal,1761.0
2023-09-12,Algeria,1778.9
2023-09-12,Scotland,1716.7
2023-09-12,England,1949.4
2023-09-12,Mexico,1713.6
2023-09-12,Uzbekistan,1441.7
2023-09-12,Sweden,1667.3
2023-09-12,Austria,1807.4
2023-09-12,Japan,1900.3
2023-09-12,Turkey,1776.3
2023-09-12,Germany,1805.3
2023-09-12,France,2065.0
2023-09-12,Egypt,1672.0
2023-09-12,Tunisia,1754.7
2023-09-12,Ecuador,1785.0
2023-09-12,Uruguay,1843.0
2023-09-12,South Korea,1758.8
2023-09-12,Saudi Arabia,1611.6
2023-10-12,Spain,1914.2
2023-10-12,Scotland,1704.5
2023-10-12,Algeria,1783.5
2023-10-12,Cape Verde,1534.2
2023-10-12,Croatia,1933.6
2023-10-12,Turkey,1818.7
2023-10-12,Colombia,1876.3
2023-10-12,Uruguay,1850.7
2023-10-12,Argentina,2040.7
2023-10-12,Paraguay,1702.9
2023-10-13,Austria,1781.9
2023-10-13,Belgium,1925.3
2023-10-13,Curaçao,1419.1
2023-10-13,Panama,1573.0
2023-10-13,DR Congo,1581.2
2023-10-13,New Zealand,1423.0
2023-10-13,England,1951.5
2023-10-13,Australia,1675.7
2023-10-13,Iraq,1598.8
2023-10-13,Qatar,1489.9
2023-10-13,Japan,1905.7
2023-10-13,Canada,1701.3
2023-10-13,South Korea,1772.0
2023-10-13,Tunisia,1741.4
2023-10-13,Netherlands,1915.0
2023-10-13,France,2088.1
2023-10-14,Mexico,1727.1
2023-10-14,Ghana,1665.5
2023-10-14,United States,1776.9
2023-10-14,Germany,1824.1
2023-10-14,Ivory Coast,1722.4
2023-10-14,Morocco,1816.4
2023-10-15,Norway,1717.8
2023-10-15,Spain,1933.8
2023-10-16,Algeria,1780.4
2023-10-16,Egypt,1675.1
2023-10-16,Belgium,1906.0
2023-10-16,Sweden,1686.7
2023-10-16,Bosnia and Herzegovina,1680.7
2023-10-16,Portugal,2006.9
2023-10-17,Ecuador,1784.5
2023-10-17,Colombia,1876.8
2023-10-17,Uruguay,1888.6
2023-10-17,Brazil,2006.0
2023-10-17,Australia,1685.7
2023-10-17,New Zealand,1413.1
2023-10-17,France,2090.1
2023-10-17,Scotland,1702.5
2023-10-17,Ivory Coast,1717.2
2023-10-17,South Africa,1623.7
2023-10-17,Mexico,1729.8
2023-10-17,Germany,1821.4
2023-10-17,United States,1785.5
2023-10-17,Ghana,1656.9
2023-11-16,Argentina,1992.1
2023-11-16,Uruguay,1937.2
2023-11-16,Colombia,1898.5
2023-11-16,Brazil,1984.3
2023-11-18,Germany,1808.5
2023-11-18,Turkey,1831.6
2023-11-19,Scotland,1696.5
2023-11-19,Norway,1723.8
2023-11-21,Paraguay,1688.2
2023-11-21,Colombia,1913.1
2023-11-21,Brazil,1959.1
2023-11-21,Argentina,2017.3
2023-11-21,Uzbekistan,1450.1
2023-11-21,Iran,1688.8
2023-11-21,Jordan,1480.1
2023-11-21,Saudi Arabia,1641.4
2023-11-21,Austria,1793.8
2023-11-21,Germany,1796.7
2023-12-16,Mexico,1724.7
2023-12-16,Colombia,1918.3
2024-01-05,Qatar,1476.8
2024-01-05,Jordan,1493.1
2024-01-06,Iraq,1593.4
2024-01-06,South Korea,1777.4
2024-01-09,Japan,1909.1
2024-01-09,Jordan,1489.7
2024-01-10,Tunisia,1745.8
2024-01-10,Cape Verde,1529.8
2024-01-14,Ghana,1633.3
2024-01-14,Cape Verde,1553.5
2024-01-18,Egypt,1673.0
2024-01-18,Ghana,1635.4
2024-01-19,Iraq,1636.4
2024-01-19,Japan,1866.1
2024-01-20,Jordan,1506.7
2024-01-20,South Korea,1760.5
2024-01-21,Morocco,1806.1
2024-01-21,DR Congo,1591.5
2024-01-22,Cape Verde,1559.3
2024-01-22,Egypt,1667.2
2024-01-23,Australia,1670.9
2024-01-23,Uzbekistan,1464.8
2024-01-24,South Africa,1629.6
2024-01-24,Tunisia,1739.9
2024-01-28,Egypt,1663.4
2024-01-28,DR Congo,1595.2
2024-01-29,Iraq,1602.5
2024-01-29,Jordan,1540.6
2024-01-29,Ivory Coast,1714.4
2024-01-29,Senegal,1763.8
2024-01-30,Saudi Arabia,1649.7
2024-01-30,South Korea,1752.2
2024-01-30,Morocco,1767.5
2024-01-30,South Africa,1668.1
2024-02-02,Australia,1651.6
2024-02-02,South Korea,1771.5
2024-02-03,Iran,1725.5
2024-02-03,Japan,1829.4
2024-02-03,Qatar,1469.0
2024-02-03,Uzbekistan,1472.6
2024-02-03,Cape Verde,1564.6
2024-02-03,South Africa,1662.8
2024-02-06,Jordan,1599.9
2024-02-06,South Korea,1712.2
2024-02-07,Ivory Coast,1722.1
2024-02-07,DR Congo,1587.5
2024-02-07,Qatar,1504.6
2024-02-07,Iran,1690.0
2024-02-10,Qatar,1541.6
2024-02-10,Jordan,1562.9
2024-02-10,South Africa,1659.1
2024-02-10,DR Congo,1591.2
2024-03-21,Panama,1547.2
2024-03-21,Mexico,1750.4
2024-03-21,Portugal,2009.8
2024-03-21,Sweden,1683.8
2024-03-22,Egypt,1667.5
2024-03-22,New Zealand,1408.9
2024-03-22,Netherlands,1920.1
2024-03-22,Scotland,1691.3
2024-03-22,Norway,1710.9
2024-03-22,Czech Republic,1733.2
2024-03-22,Spain,1923.3
2024-03-22,Colombia,1928.7
2024-03-23,Tunisia,1748.7
2024-03-23,Croatia,1924.7
2024-03-23,England,1938.9
2024-03-23,Brazil,1971.7
2024-03-23,France,2062.9
2024-03-23,Germany,1823.8
2024-03-24,United States,1809.1
2024-03-24,Mexico,1726.8
2024-03-26,Germany,1833.7
2024-03-26,Netherlands,1910.2
2024-03-26,Ivory Coast,1737.6
2024-03-26,Uruguay,1921.7
2024-03-26,Spain,1921.8
2024-03-26,Brazil,1973.2
2024-03-26,England,1935.2
2024-03-26,Belgium,1909.6
2024-03-26,New Zealand,1422.1
2024-03-26,Tunisia,1735.6
2024-03-26,Egypt,1652.4
2024-03-26,Croatia,1939.8
2024-03-26,Algeria,1770.6
2024-03-26,South Africa,1668.9
2024-03-26,Austria,1810.2
2024-03-26,Turkey,1815.2
2024-06-03,England,1939.3
2024-06-03,Bosnia and Herzegovina,1676.6
2024-06-05,Mexico,1717.6
2024-06-05,Uruguay,1930.9
2024-06-06,Netherlands,1915.7
2024-06-06,Canada,1695.9
2024-06-06,Senegal,1750.7
2024-06-06,DR Congo,1604.4
2024-06-08,Mexico,1713.9
2024-06-08,Brazil,1976.9
2024-06-08,Portugal,1995.3
2024-06-08,Croatia,1954.4
2024-06-08,Switzerland,1827.9
2024-06-08,Austria,1813.6
2024-06-08,United States,1791.4
2024-06-08,Colombia,1946.4
2024-06-09,Argentina,2021.4
2024-06-09,Ecuador,1780.3
2024-06-09,France,2054.2
2024-06-09,Canada,1704.6
2024-06-11,Saudi Arabia,1619.8
2024-06-11,Jordan,1592.8
2024-06-11,Iran,1675.5
2024-06-11,Uzbekistan,1487.1
2024-06-12,United States,1793.8
2024-06-12,Brazil,1974.5
2024-06-14,Germany,1852.3
2024-06-14,Scotland,1672.7
2024-06-15,Spain,1969.7
2024-06-15,Croatia,1906.5
2024-06-16,Panama,1538.4
2024-06-16,Paraguay,1697.1
2024-06-17,Austria,1803.6
2024-06-17,France,2064.2
2024-06-18,Portugal,2004.3
2024-06-18,Czech Republic,1724.2
2024-06-19,Scotland,1683.2
2024-06-19,Switzerland,1817.4
2024-06-20,Argentina,2031.9
2024-06-20,Canada,1694.2
2024-06-21,Netherlands,1925.7
2024-06-21,France,2054.1
2024-06-22,Turkey,1793.1
2024-06-22,Portugal,2026.4
2024-06-23,Germany,1843.1
2024-06-23,Switzerland,1826.7
2024-06-23,Uruguay,1938.0
2024-06-23,Panama,1531.3
2024-06-24,Colombia,1956.0
2024-06-24,Paraguay,1687.4
2024-06-25,Netherlands,1892.3
2024-06-25,Austria,1837.0
2024-06-26,Czech Republic,1704.1
2024-06-26,Turkey,1813.2
2024-06-27,United States,1749.4
2024-06-27,Panama,1575.8
2024-06-28,Paraguay,1673.4
2024-06-28,Brazil,1988.6
2024-06-30,Mexico,1718.6
2024-06-30,Ecuador,1775.6
2024-07-01,France,2069.3
2024-07-01,Belgium,1894.5
2024-07-01,United States,1730.6
2024-07-01,Uruguay,1956.7
2024-07-02,Austria,1810.3
2024-07-02,Turkey,1839.9
2024-07-02,Brazil,1986.2
2024-07-02,Colombia,1958.4
2024-07-04,Argentina,2016.2
2024-07-04,Ecuador,1791.3
2024-07-05,Germany,1820.0
2024-07-05,Spain,1992.8
2024-07-05,Portugal,2029.4
2024-07-05,France,2066.2
2024-07-06,England,1931.4
2024-07-06,Switzerland,1834.5
2024-07-06,Netherlands,1913.6
2024-07-06,Turkey,1818.7
2024-07-06,Uruguay,1958.9
2024-07-06,Brazil,1984.1
2024-07-06,Colombia,1968.3
2024-07-06,Panama,1565.8
2024-07-09,Argentina,2026.3
2024-07-09,Canada,1684.0
2024-07-09,Spain,2023.0
2024-07-09,France,2036.0
2024-07-10,Netherlands,1889.8
2024-07-10,England,1955.1
2024-07-10,Uruguay,1934.5
2024-07-10,Colombia,1992.6
2024-07-13,Canada,1699.5
2024-07-13,Uruguay,1919.1
2024-07-14,Spain,2043.2
2024-07-14,England,1935.0
2024-07-14,Argentina,2048.9
2024-07-14,Colombia,1970.1
2024-09-05,Portugal,2040.3
2024-09-05,Croatia,1895.7
2024-09-06,Egypt,1670.1
2024-09-06,Cape Verde,1546.9
2024-09-06,Uruguay,1903.9
2024-09-06,Paraguay,1688.6
2024-09-06,Brazil,1990.4
2024-09-06,Ecuador,1785.0
2024-09-07,Mexico,1724.0
2024-09-07,New Zealand,1416.7
2024-09-07,United States,1717.0
2024-09-07,Canada,1713.1
2024-09-07,Netherlands,1902.2
2024-09-07,Bosnia and Herzegovina,1664.3
2024-09-08,Switzerland,1804.0
2024-09-08,Spain,2073.7
2024-09-08,Portugal,2043.6
2024-09-08,Scotland,1679.8
2024-09-09,Norway,1735.9
2024-09-09,Austria,1785.3
2024-09-09,France,2051.0
2024-09-09,Belgium,1879.5
2024-09-10,Mexico,1723.7
2024-09-10,Canada,1713.4
2024-09-10,United States,1708.8
2024-09-10,New Zealand,1424.9
2024-09-10,Netherlands,1890.2
2024-09-10,Germany,1832.0
2024-09-10,Colombia,1988.8
2024-09-10,Argentina,2030.1
2024-09-10,Paraguay,1719.0
2024-09-10,Brazil,1959.9
2024-10-10,Ecuador,1776.2
2024-10-10,Paraguay,1727.9
2024-10-10,Uzbekistan,1492.1
2024-10-10,Iran,1670.6
2024-10-10,Jordan,1564.4
2024-10-10,South Korea,1740.5
2024-10-10,Saudi Arabia,1599.0
2024-10-10,Japan,1850.2
2024-10-11,Bosnia and Herzegovina,1644.1
2024-10-11,Germany,1852.2
2024-10-12,United States,1714.7
2024-10-12,Panama,1559.9
2024-10-12,Croatia,1902.7
2024-10-12,Scotland,1672.9
2024-10-13,Austria,1813.2
2024-10-13,Norway,1708.0
2024-10-14,Germany,1872.8
2024-10-14,Netherlands,1869.6
2024-10-14,Belgium,1859.6
2024-10-14,France,2070.9
2024-10-15,Canada,1717.2
2024-10-15,Panama,1556.1
2024-10-15,Mexico,1734.1
2024-10-15,United States,1704.3
2024-10-15,Scotland,1689.2
2024-10-15,Portugal,2027.3
2024-10-15,Uruguay,1892.4
2024-10-15,Ecuador,1787.7
2024-10-15,Iran,1693.1
2024-10-15,Qatar,1519.0
2024-10-15,South Korea,1748.6
2024-10-15,Iraq,1594.4
2024-10-15,Japan,1836.3
2024-10-15,Australia,1665.6
2024-11-14,Paraguay,1758.4
2024-11-14,Argentina,1999.6
2024-11-14,Qatar,1532.0
2024-11-14,Uzbekistan,1479.1
2024-11-14,Iraq,1587.2
2024-11-14,Jordan,1571.6
2024-11-14,Australia,1656.6
2024-11-14,Saudi Arabia,1607.9
2024-11-15,Uruguay,1912.2
2024-11-15,Colombia,1969.0
2024-11-15,Scotland,1722.1
2024-11-15,Croatia,1869.8
2024-11-15,Cape Verde,1548.2
2024-11-15,Egypt,1668.8
2024-11-16,Germany,1887.5
2024-11-16,Bosnia and Herzegovina,1629.3
2024-11-18,Croatia,1873.9
2024-11-18,Portugal,2023.2
2024-11-18,Spain,2079.0
2024-11-18,Switzerland,1798.7
2024-11-19,Bosnia and Herzegovina,1638.9
2024-11-19,Netherlands,1860.0
2024-11-19,Colombia,1935.7
2024-11-19,Ecuador,1821.1
2024-11-19,Brazil,1951.9
2024-11-19,Uruguay,1920.2
2024-12-28,Iraq,1562.5
2024-12-28,Saudi Arabia,1632.6
2025-01-22,Uzbekistan,1481.7
2025-01-22,Jordan,1569.0
2025-03-20,Canada,1681.5
2025-03-20,Mexico,1769.8
2025-03-20,United States,1664.0
2025-03-20,Panama,1596.5
2025-03-20,Croatia,1921.6
2025-03-20,France,2023.2
2025-03-20,Netherlands,1868.3
2025-03-20,Spain,2070.7
2025-03-20,Brazil,1965.4
2025-03-20,Colombia,1922.1
2025-03-21,Uruguay,1899.0
2025-03-21,Argentina,2020.8
2025-03-23,Spain,2053.2
2025-03-23,Netherlands,1885.8
2025-03-23,France,2041.1
2025-03-23,Croatia,1903.7
2025-03-23,Panama,1583.0
2025-03-23,Mexico,1783.2
2025-03-23,United States,1633.1
2025-03-23,Canada,1712.3
2025-03-25,Colombia,1909.3
2025-03-25,Paraguay,1771.2
2025-03-25,Argentina,2041.1
2025-03-25,Brazil,1945.1
2025-03-25,Iran,1678.8
2025-03-25,Uzbekistan,1496.0
2025-03-25,South Korea,1735.3
2025-03-25,Jordan,1582.3
2025-03-25,Japan,1822.2
2025-03-25,Saudi Arabia,1646.7
2025-05-30,Saudi Arabia,1655.1
2025-05-30,Jordan,1573.9
2025-06-04,Germany,1865.1
2025-06-04,Portugal,2045.7
2025-06-05,Spain,2077.3
2025-06-05,France,2016.9
2025-06-05,Ecuador,1822.4
2025-06-05,Brazil,1943.7
2025-06-05,Paraguay,1803.6
2025-06-05,Uruguay,1866.6
2025-06-05,Qatar,1554.7
2025-06-05,Iran,1656.2
2025-06-05,Iraq,1538.7
2025-06-05,South Korea,1759.1
2025-06-05,Australia,1680.4
2025-06-05,Japan,1798.5
2025-06-06,Morocco,1777.1
2025-06-06,Tunisia,1726.0
2025-06-07,Mexico,1768.9
2025-06-07,Switzerland,1813.0
2025-06-07,United States,1625.6
2025-06-07,Turkey,1826.3
2025-06-07,Ivory Coast,1707.6
2025-06-07,New Zealand,1455.0
2025-06-08,Germany,1833.1
2025-06-08,France,2048.9
2025-06-08,Portugal,2047.9
2025-06-08,Spain,2075.1
2025-06-09,Croatia,1915.0
2025-06-09,Czech Republic,1692.7
2025-06-10,Haiti,1434.9
2025-06-10,Curaçao,1463.0
2025-06-10,Saudi Arabia,1630.8
2025-06-10,Australia,1704.6
2025-06-10,Jordan,1546.5
2025-06-10,Iraq,1566.1
2025-06-10,Uzbekistan,1526.8
2025-06-10,Qatar,1523.8
2025-06-10,Brazil,1951.8
2025-06-10,Paraguay,1795.6
2025-06-10,Canada,1707.2
2025-06-10,Ivory Coast,1712.7
2025-06-10,United States,1611.4
2025-06-10,Switzerland,1827.2
2025-06-10,Sweden,1693.4
2025-06-10,Algeria,1760.9
2025-06-10,Mexico,1780.6
2025-06-10,Turkey,1814.6
2025-06-10,Argentina,2029.5
2025-06-10,Colombia,1921.0
2025-06-10,England,1909.9
2025-06-10,Senegal,1775.8
2025-06-15,Haiti,1426.3
2025-06-15,Saudi Arabia,1639.4
2025-06-19,United States,1625.4
2025-06-19,Saudi Arabia,1625.5
2025-06-21,Curaçao,1473.6
2025-06-21,Canada,1696.6
2025-06-22,United States,1630.7
2025-06-22,Haiti,1421.0
2025-06-28,Mexico,1795.8
2025-06-28,Saudi Arabia,1610.2
2025-07-06,United States,1616.4
2025-07-06,Mexico,1810.1
2025-09-04,Paraguay,1791.4
2025-09-04,Ecuador,1826.6
2025-09-05,Australia,1708.7
2025-09-05,New Zealand,1450.8
2025-09-06,Mexico,1809.7
2025-09-06,Japan,1798.8
2025-09-06,United States,1603.2
2025-09-06,South Korea,1772.2
2025-09-07,Turkey,1790.5
2025-09-07,Spain,2099.2
2025-09-08,Czech Republic,1687.9
2025-09-08,Saudi Arabia,1615.0
2025-09-09,Bosnia and Herzegovina,1623.1
2025-09-09,Austria,1829.0
2025-09-09,DR Congo,1588.4
2025-09-09,Senegal,1791.8
2025-09-09,Ecuador,1852.3
2025-09-09,Argentina,2003.7
2025-09-09,New Zealand,1435.7
2025-09-09,Australia,1723.8
2025-09-09,Mexico,1808.7
2025-09-09,South Korea,1773.3
2025-09-09,United States,1622.3
2025-09-09,Japan,1779.8
2025-10-09,Czech Republic,1694.9
2025-10-09,Croatia,1908.0
2025-10-10,Canada,1684.5
2025-10-10,Australia,1735.9
2025-10-10,Japan,1775.4
2025-10-10,Paraguay,1795.8
2025-10-10,South Korea,1757.8
2025-10-10,Brazil,1967.3
2025-10-10,United States,1625.8
2025-10-10,Ecuador,1848.8
2025-10-10,Sweden,1666.3
2025-10-10,Switzerland,1854.3
2025-10-11,Mexico,1795.8
2025-10-11,Colombia,1933.9
2025-10-13,Uzbekistan,1524.3
2025-10-13,Uruguay,1869.1
2025-10-14,Mexico,1794.4
2025-10-14,Ecuador,1850.1
2025-10-14,Saudi Arabia,1606.9
2025-10-14,Iraq,1574.2
2025-10-14,United States,1636.1
2025-10-14,Australia,1725.6
2025-10-14,Norway,1700.1
2025-10-14,New Zealand,1443.6
2025-10-14,Canada,1690.7
2025-10-14,Colombia,1927.7
2025-10-14,Japan,1797.5
2025-10-14,Brazil,1945.3
2025-10-14,South Korea,1770.1
2025-10-14,Paraguay,1783.4
2025-11-13,Canada,1692.4
2025-11-13,Ecuador,1848.4
2025-11-13,Iran,1650.9
2025-11-13,Cape Verde,1553.5
2025-11-14,Uzbekistan,1560.9
2025-11-14,Egypt,1632.2
2025-11-14,Japan,1807.0
2025-11-14,Ghana,1625.9
2025-11-14,Saudi Arabia,1617.1
2025-11-14,Ivory Coast,1702.5
2025-11-14,Tunisia,1729.3
2025-11-14,Jordan,1543.2
2025-11-15,Mexico,1793.7
2025-11-15,Uruguay,1869.8
2025-11-15,United States,1647.5
2025-11-15,Paraguay,1772.1
2025-11-15,Brazil,1954.1
2025-11-15,Senegal,1783.0
2025-11-15,Colombia,1928.9
2025-11-15,New Zealand,1442.5
2025-11-15,Switzerland,1865.5
2025-11-15,Sweden,1655.1
2025-11-17,Cape Verde,1557.4
2025-11-17,Egypt,1628.3
2025-11-18,Saudi Arabia,1604.0
2025-11-18,Algeria,1774.1
2025-11-18,Brazil,1948.4
2025-11-18,Tunisia,1735.0
2025-11-18,Colombia,1937.2
2025-11-18,Australia,1717.3
2025-11-18,Ecuador,1851.1
2025-11-18,New Zealand,1439.8
2025-11-18,South Korea,1774.0
2025-11-18,Ghana,1621.9
2025-11-18,Mexico,1783.1
2025-11-18,Paraguay,1782.7
2025-11-18,United States,1672.6
2025-11-18,Uruguay,1844.8
2025-11-18,Spain,2082.7
2025-11-18,Turkey,1807.0
2025-11-18,Austria,1814.9
2025-11-18,Bosnia and Herzegovina,1637.3
2025-11-18,Iran,1646.5
2025-11-18,Uzbekistan,1565.4
2025-12-07,Qatar,1502.7
2025-12-07,Tunisia,1756.2
2025-12-08,Morocco,1786.5
2025-12-08,Saudi Arabia,1594.6
2025-12-09,Egypt,1590.3
2025-12-09,Jordan,1581.2
2025-12-09,Algeria,1786.7
2025-12-09,Iraq,1561.6
2025-12-12,Jordan,1597.7
2025-12-12,Iraq,1545.1
2025-12-15,Saudi Arabia,1577.2
2025-12-15,Jordan,1615.0
2025-12-18,Jordan,1605.5
2025-12-18,Morocco,1796.0
2025-12-26,Egypt,1611.7
2025-12-26,South Africa,1647.5
2025-12-27,Senegal,1774.1
2025-12-27,DR Congo,1597.3
2026-01-06,Algeria,1795.5
2026-01-06,DR Congo,1588.5
2026-01-10,Egypt,1633.7
2026-01-10,Ivory Coast,1680.5
2026-01-14,Senegal,1784.9
2026-01-14,Egypt,1622.9
2026-01-18,Morocco,1817.2
2026-01-18,Senegal,1763.8
2026-01-22,Panama,1575.8
2026-01-22,Mexico,1790.3
2026-03-26,Brazil,1941.2
2026-03-26,France,2056.1
2026-03-26,Colombia,1926.3
2026-03-26,Croatia,1918.9
2026-03-27,Switzerland,1851.8
2026-03-27,Germany,1846.8
2026-03-27,South Africa,1643.0
2026-03-27,Panama,1580.4
2026-03-27,Netherlands,1889.1
2026-03-27,Norway,1696.9
2026-03-27,Saudi Arabia,1555.6
2026-03-27,Egypt,1644.6
2026-03-27,England,1905.4
2026-03-27,Uruguay,1849.2
2026-03-27,Austria,1820.7
2026-03-27,Ghana,1616.1
2026-03-27,Morocco,1818.2
2026-03-27,Ecuador,1850.1
2026-03-28,Haiti,1418.5
2026-03-28,Tunisia,1758.7
2026-03-28,Ivory Coast,1704.2
2026-03-28,South Korea,1750.4
2026-03-28,Mexico,1794.5
2026-03-28,Portugal,2043.7
2026-03-28,Scotland,1711.6
2026-03-28,Japan,1817.4
2026-03-28,United States,1659.4
2026-03-28,Belgium,1872.8
2026-03-29,Colombia,1916.7
2026-03-29,France,2065.7
2026-03-30,Germany,1849.4
2026-03-30,Ghana,1613.5
2026-03-31,Norway,1698.4
2026-03-31,Switzerland,1850.3
2026-03-31,South Africa,1628.6
2026-03-31,Panama,1594.7
2026-03-31,Ivory Coast,1714.4
2026-03-31,Scotland,1701.4
2026-03-31,United States,1654.5
2026-03-31,Portugal,2048.6
2026-03-31,Australia,1725.3
2026-03-31,Curaçao,1465.6
2026-03-31,Spain,2073.6
2026-03-31,Egypt,1653.7
2026-03-31,Netherlands,1885.3
2026-03-31,Ecuador,1853.9
2026-03-31,Canada,1691.4
2026-03-31,Tunisia,1759.7
2026-03-31,Mexico,1796.7
2026-03-31,Belgium,1870.6
2026-03-31,England,1890.5
2026-03-31,Japan,1832.3
2026-03-31,Brazil,1955.2
2026-03-31,Croatia,1904.8
2026-03-31,Austria,1826.2
2026-03-31,South Korea,1744.9
2026-03-31,Algeria,1797.0
2026-03-31,Uruguay,1847.6
2026-03-31,Morocco,1827.1
2026-03-31,Paraguay,1773.7
2026-05-22,Mexico,1801.6
2026-05-22,Ghana,1608.6
2026-05-30,Mexico,1809.5
2026-05-30,Australia,1717.4
2026-05-30,Ecuador,1856.9
2026-05-30,Saudi Arabia,1552.5
2026-05-30,Scotland,1705.8
2026-05-30,Curaçao,1461.2
2026-05-31,Switzerland,1854.5
2026-05-31,Jordan,1601.3
2026-05-31,Brazil,1957.7
2026-05-31,Panama,1592.3
2026-05-31,United States,1664.8
2026-05-31,Senegal,1753.5
