Team,Player,Position,Overall,PAC,SHO,PAS,DRI,DEF,PHY,Rating_Source
Algeria,Oussama Benbot,GK,76,68,12,50,52,15,76,Estimated
Algeria,Melvin Masstil,GK,72,60,10,44,46,12,72,Estimated
Algeria,Luca Zidane,GK,68,55,10,40,42,10,68,Estimated
Algeria,Achraf Abada,DEF,72,74,44,62,68,72,68,Estimated
Algeria,Rayan Ait Nouri,DEF,82,84,52,72,78,78,78,Official
Algeria,Zinedine Belaid,DEF,70,66,35,55,60,70,70,Estimated
Algeria,Rafik Belghali,DEF,68,64,32,52,58,68,68,Estimated
Algeria,Ramy Bensebaini,DEF,82,76,54,72,76,80,80,Official
Algeria,Samir Chergui,DEF,69,68,36,54,60,68,72,Estimated
Algeria,Jaouen Hadjam,DEF,71,74,40,60,66,70,70,Estimated
Algeria,Aissa Mandi,DEF,78,64,45,68,72,78,76,Official
Algeria,Mohamed Amine Tougai,DEF,68,66,34,52,58,68,70,Estimated
Algeria,Houssem Aouar,MID,79,76,72,78,82,52,68,Official
Algeria,Nabil Bentaleb,MID,76,65,68,76,78,72,74,Official
Algeria,Hicham Boudaoui,MID,74,74,62,70,74,62,72,Official
Algeria,Fares Chaibi,MID,74,76,66,72,76,54,68,Estimated
Algeria,Ibrahim Maza,MID,72,78,64,70,74,52,64,Estimated
Algeria,Yassine Titraoui,MID,69,72,58,64,68,52,62,Estimated
Algeria,Ramiz Zerrouki,MID,75,70,62,72,72,70,74,Official
Algeria,Mohamed Amine Amoura,FWD,80,88,74,72,82,42,72,Official
Algeria,Nadir Benbouali,FWD,73,82,68,64,74,36,66,Estimated
Algeria,Adil Boulbina,FWD,68,80,60,60,68,32,62,Estimated
Algeria,Fares Ghedjemis,FWD,72,84,66,62,72,36,66,Estimated
Algeria,Amine Gouiri,FWD,78,82,74,72,80,38,70,Official
Algeria,Riyad Mahrez,FWD,84,82,82,84,88,38,68,Official
Algeria,Anis Hadj Moussa,FWD,74,84,68,66,76,38,66,Estimated
Argentina,Emiliano Martinez,GK,89,90,83,70,90,52,87,Official
Argentina,Geronimo Rulli,GK,79,76,58,58,72,18,76,Official
Argentina,Juan Musso,GK,83,82,68,62,80,22,80,Official
Argentina,Leonardo Balerdi,DEF,80,76,48,68,74,80,78,Official
Argentina,Gonzalo Montiel,DEF,79,82,58,72,76,78,76,Official
Argentina,Nicolas Tagliafico,DEF,80,80,55,74,76,80,76,Official
Argentina,Lisandro Martinez,DEF,86,74,52,72,78,88,84,Official
Argentina,Cristian Romero,DEF,87,82,56,72,78,88,86,Official
Argentina,Nicolas Otamendi,DEF,82,62,48,68,70,84,82,Official
Argentina,Facundo Medina,DEF,77,72,44,62,68,78,76,Official
Argentina,Nahuel Molina,DEF,81,86,60,74,78,78,78,Official
Argentina,Leandro Paredes,MID,81,62,72,82,80,72,72,Official
Argentina,Rodrigo De Paul,MID,84,82,76,84,84,70,80,Official
Argentina,Valentin Barco,MID,75,82,60,72,76,62,68,Estimated
Argentina,Giovani Lo Celso,MID,82,76,74,82,84,64,72,Official
Argentina,Exequiel Palacios,MID,80,76,72,78,80,68,74,Official
Argentina,Alexis Mac Allister,MID,87,76,78,86,86,78,80,Official
Argentina,Enzo Fernandez,MID,86,76,76,86,86,72,78,Official
Argentina,Julian Alvarez,FWD,87,88,86,80,86,54,78,Official
Argentina,Lionel Messi,FWD,86,72,84,90,92,38,62,Official
Argentina,Nicolas Gonzalez,FWD,79,86,76,72,78,44,72,Official
Argentina,Thiago Almada,FWD,78,84,72,74,80,42,66,Estimated
Argentina,Giuliano Simeone,FWD,75,86,68,66,74,38,68,Estimated
Argentina,Nicolas Paz,MID,74,74,68,74,76,58,66,Estimated
Argentina,Jose Manuel Lopez,FWD,70,82,62,60,70,36,64,Estimated
Argentina,Lautaro Martinez,FWD,88,82,88,78,86,44,80,Official
Australia,Mathew Ryan,GK,80,74,58,64,74,12,76,Official
Australia,Paul Izzo,GK,72,66,48,52,62,10,68,Estimated
Australia,Patrick Beach,GK,68,60,44,46,56,8,64,Estimated
Australia,Aziz Behich,DEF,73,76,48,68,72,72,70,Official
Australia,Jordan Bos,DEF,70,74,44,62,66,70,68,Estimated
Australia,Cameron Burgess,DEF,72,62,40,56,60,74,74,Official
Australia,Alessandro Circati,DEF,70,66,38,54,58,72,72,Estimated
Australia,Milos Degenek,DEF,73,68,42,60,64,74,74,Official
Australia,Jason Geria,DEF,68,74,42,58,62,66,66,Estimated
Australia,Lucas Herrington,DEF,67,70,40,56,60,66,66,Estimated
Australia,Jacob Italiano,DEF,68,66,38,52,56,68,68,Estimated
Australia,Harry Souttar,DEF,76,68,48,60,64,78,78,Official
Australia,Kai Trewin,DEF,66,70,38,52,56,64,64,Estimated
Australia,Jackson Irvine,MID,76,76,66,74,74,68,74,Official
Australia,Ajdin Hrustic,MID,74,72,66,74,76,54,66,Official
Australia,Connor Metcalfe,MID,70,72,60,68,70,60,68,Estimated
Australia,Aiden O'Neill,MID,69,70,56,66,68,60,66,Estimated
Australia,Paul Okon-Engstler,MID,67,68,54,64,66,56,64,Estimated
Australia,Cameron Devlin,MID,71,74,60,68,70,62,68,Estimated
Australia,Nestory Irankunda,FWD,76,90,70,68,78,34,64,Estimated
Australia,Mathew Leckie,FWD,75,86,68,64,74,38,68,Official
Australia,Awer Mabil,FWD,74,88,66,62,74,36,66,Official
Australia,Mohamed Toure,FWD,70,80,62,58,68,34,62,Estimated
Australia,Nishan Velupillay,FWD,68,82,60,58,68,32,60,Estimated
Australia,Cristian Volpato,FWD,73,80,68,70,74,40,64,Official
Australia,Tete Yengi,FWD,69,76,62,58,66,34,64,Estimated
Austria,Patrick Pentz,GK,78,72,54,60,68,14,76,Official
Austria,Alexander Schlager,GK,75,68,50,56,64,12,72,Official
Austria,Florian Wiegele,GK,66,60,44,48,54,10,64,Estimated
Austria,David Affengruber,DEF,72,70,42,62,66,72,72,Estimated
Austria,David Alaba,DEF,84,76,72,82,84,82,78,Official
Austria,Kevin Danso,DEF,82,76,50,66,72,84,84,Official
Austria,Marco Friedl,DEF,76,76,50,68,72,76,74,Official
Austria,Philipp Lienhart,DEF,75,68,44,62,66,76,74,Official
Austria,Phillipp Mwene,DEF,73,76,46,64,68,72,70,Official
Austria,Stefan Posch,DEF,76,76,50,68,72,76,74,Official
Austria,Alexander Prass,DEF,74,78,52,68,72,72,72,Estimated
Austria,Michael Svoboda,DEF,72,66,42,58,62,74,72,Estimated
Austria,Christoph Baumgartner,MID,80,80,72,78,80,60,72,Official
Austria,Carney Chukwuemeka,MID,78,78,70,76,80,56,72,Official
Austria,Florian Grillitsch,MID,76,68,64,76,74,72,72,Official
Austria,Konrad Laimer,MID,83,88,72,78,80,76,82,Official
Austria,Marcel Sabitzer,MID,83,82,78,80,82,68,78,Official
Austria,Xaver Schlager,MID,80,76,68,80,80,72,74,Official
Austria,Romano Schmid,MID,76,78,68,74,76,58,68,Official
Austria,Alessandro Schopf,MID,72,72,64,72,72,60,68,Estimated
Austria,Nicolas Seiwald,MID,79,76,66,76,76,72,76,Official
Austria,Paul Wanner,MID,74,76,66,72,76,56,68,Estimated
Austria,Patrick Wimmer,MID,74,80,66,70,76,58,68,Official
Austria,Marko Arnautovic,FWD,80,76,78,72,80,42,76,Official
Austria,Michael Gregoritsch,FWD,78,74,76,70,76,40,74,Official
Austria,Sasa Kalajdzic,FWD,76,72,76,62,72,36,78,Official
Belgium,Thibaut Courtois,GK,89,88,83,74,90,52,86,Official
Belgium,Senne Lammens,GK,74,70,52,56,64,12,72,Estimated
Belgium,Mike Penders,GK,72,68,50,54,62,10,70,Estimated
Belgium,Timothy Castagne,DEF,81,84,60,74,76,78,76,Official
Belgium,Zeno Debast,DEF,79,76,52,68,72,80,76,Official
Belgium,Maxim De Cuyper,DEF,78,80,54,72,74,76,74,Official
Belgium,Koni De Winter,DEF,75,70,46,60,64,76,74,Estimated
Belgium,Brandon Mechele,DEF,74,66,44,58,62,76,74,Estimated
Belgium,Thomas Meunier,DEF,78,80,58,72,74,76,74,Official
Belgium,Nathan Ngoy,DEF,70,72,44,58,62,70,68,Estimated
Belgium,Joaquin Seys,DEF,68,70,42,56,60,68,66,Estimated
Belgium,Arthur Theate,DEF,79,76,52,68,72,80,78,Official
Belgium,Kevin De Bruyne,MID,88,76,82,92,88,68,78,Official
Belgium,Amadou Onana,MID,84,82,70,80,80,82,86,Official
Belgium,Nicolas Raskin,MID,76,74,64,74,74,70,74,Official
Belgium,Youri Tielemans,MID,84,74,78,84,84,70,74,Official
Belgium,Hans Vanaken,MID,80,68,74,82,80,64,72,Official
Belgium,Axel Witsel,MID,79,72,68,78,78,74,76,Official
Belgium,Charles De Ketelaere,FWD,83,82,78,80,84,52,72,Official
Belgium,Jeremy Doku,FWD,85,96,76,76,88,36,68,Official
Belgium,Matias Fernandez-Pardo,FWD,72,84,66,66,72,36,64,Estimated
Belgium,Romelu Lukaku,FWD,85,76,88,74,82,38,88,Official
Belgium,Dodi Lukebakio,FWD,79,88,74,72,80,38,72,Official
Belgium,Diego Moreira,FWD,73,84,66,68,74,36,64,Estimated
Belgium,Alexis Saelemaekers,FWD,79,88,72,74,80,52,72,Official
Belgium,Leandro Trossard,FWD,83,84,80,78,84,50,70,Official
Bosnia-Herzegovina,Nikola Vasilj,GK,76,70,52,58,66,14,74,Official
Bosnia-Herzegovina,Martin Zlomislic,GK,68,62,46,50,56,10,66,Estimated
Bosnia-Herzegovina,Osman Hadzikic,GK,66,60,44,48,52,8,64,Estimated
Bosnia-Herzegovina,Sead Kolasinac,DEF,78,76,54,68,70,76,80,Official
Bosnia-Herzegovina,Amar Dedic,DEF,75,78,52,66,70,74,72,Official
Bosnia-Herzegovina,Nihad Mujakic,DEF,68,70,40,54,58,68,68,Estimated
Bosnia-Herzegovina,Nikola Katic,DEF,73,68,44,58,62,74,74,Estimated
Bosnia-Herzegovina,Tarik Muharemovic,DEF,72,68,44,58,62,72,72,Estimated
Bosnia-Herzegovina,Stjepan Radeljic,DEF,69,70,42,56,60,68,68,Estimated
Bosnia-Herzegovina,Dennis Hadzikadunic,DEF,73,70,44,60,64,74,72,Estimated
Bosnia-Herzegovina,Nidal Celik,DEF,67,70,38,52,56,66,66,Estimated
Bosnia-Herzegovina,Amir Hadziahmetovic,MID,75,72,62,72,72,66,72,Official
Bosnia-Herzegovina,Ivan Sunjic,MID,74,68,58,70,70,68,72,Official
Bosnia-Herzegovina,Ivan Basic,MID,72,70,62,70,72,60,66,Estimated
Bosnia-Herzegovina,Dzenis Burnic,MID,71,72,60,68,70,58,66,Estimated
Bosnia-Herzegovina,Ermin Mahmic,MID,68,68,56,64,66,56,64,Estimated
Bosnia-Herzegovina,Benjamin Tahirovic,MID,76,74,66,74,74,62,68,Official
Bosnia-Herzegovina,Amar Memic,MID,67,68,54,62,64,54,62,Estimated
Bosnia-Herzegovina,Armin Gigovic,MID,69,72,60,66,68,56,64,Estimated
Bosnia-Herzegovina,Kerim Alajbegovic,MID,67,68,56,62,64,54,62,Estimated
Bosnia-Herzegovina,Esmir Bajraktarevic,FWD,72,84,66,64,72,36,62,Estimated
Bosnia-Herzegovina,Ermedin Demirovic,FWD,81,82,78,72,80,40,74,Official
Bosnia-Herzegovina,Jovo Lukic,FWD,68,78,62,58,66,32,62,Estimated
Bosnia-Herzegovina,Samed Bazdar,FWD,67,76,60,56,64,30,60,Estimated
Bosnia-Herzegovina,Haris Tabakovic,FWD,73,74,70,64,70,36,68,Official
Bosnia-Herzegovina,Edin Dzeko,FWD,78,68,78,74,78,38,72,Official
Brazil,Alisson,GK,89,90,83,72,90,52,89,Official
Brazil,Ederson,GK,86,88,80,72,84,48,86,Official
Brazil,Weverton,GK,78,74,58,60,70,14,76,Official
Brazil,Marquinhos,DEF,88,76,56,80,80,88,82,Official
Brazil,Danilo,DEF,80,84,56,76,76,78,76,Official
Brazil,Alex Sandro,DEF,78,80,56,72,74,76,74,Official
Brazil,Gabriel Magalhaes,DEF,88,74,52,72,76,88,86,Official
Brazil,Bremer,DEF,85,78,52,68,74,86,86,Official
Brazil,Wesley,DEF,73,82,50,64,68,70,74,Estimated
Brazil,Roger Ibanez,DEF,77,76,50,66,68,78,78,Official
Brazil,Douglas Santos,DEF,74,78,50,66,68,74,72,Official
Brazil,Leo Pereira,DEF,76,74,48,64,66,78,76,Official
Brazil,Casemiro,MID,84,68,72,80,78,86,86,Official
Brazil,Lucas Paqueta,MID,86,80,78,86,88,64,76,Official
Brazil,Bruno Guimaraes,MID,86,76,72,84,84,80,82,Official
Brazil,Fabinho,MID,82,72,66,78,74,82,82,Official
Brazil,Danilo Santos,MID,73,72,60,70,70,64,70,Estimated
Brazil,Neymar,FWD,86,80,84,88,90,38,72,Official
Brazil,Vinicius Jr,FWD,89,96,82,80,90,36,74,Official
Brazil,Raphinha,FWD,89,90,84,84,88,52,74,Official
Brazil,Gabriel Martinelli,FWD,85,92,80,76,84,44,74,Official
Brazil,Matheus Cunha,FWD,83,88,80,76,82,42,74,Official
Brazil,Endrick,FWD,82,88,80,68,82,36,74,Official
Brazil,Luiz Henrique,FWD,78,90,72,72,78,36,68,Estimated
Brazil,Igor Thiago,FWD,75,80,72,66,74,36,70,Estimated
Brazil,Rayan,FWD,73,88,68,64,74,32,64,Estimated
Canada,Dayne St Clair,GK,76,70,52,58,68,12,74,Official
Canada,Maxime Crepeau,GK,74,68,50,56,64,10,72,Official
Canada,Owen Goodman,GK,71,64,48,52,60,8,68,Estimated
Canada,Alistair Johnston,DEF,78,82,54,70,72,76,74,Official
Canada,Luc de Fougerolles,DEF,67,72,42,56,58,66,66,Estimated
Canada,Alfie Jones,DEF,69,68,42,56,60,70,70,Estimated
Canada,Joel Waterman,DEF,70,70,44,58,60,70,70,Estimated
Canada,Derek Cornelius,DEF,73,72,46,62,64,74,72,Official
Canada,Moise Bombito,DEF,74,74,48,64,66,74,72,Official
Canada,Alphonso Davies,DEF,86,97,66,80,86,72,72,Official
Canada,Richie Laryea,DEF,74,86,52,66,70,70,68,Official
Canada,Niko Sigur,DEF,67,72,42,56,58,66,66,Estimated
Canada,Stephen Eustaquio,MID,80,76,68,78,78,68,74,Official
Canada,Ismael Kone,MID,76,78,64,72,74,62,72,Official
Canada,Tajon Buchanan,MID,79,92,70,72,78,52,68,Official
Canada,Mathieu Choiniere,MID,72,82,62,66,70,48,64,Estimated
Canada,Ali Ahmed,MID,68,72,58,64,66,54,62,Estimated
Canada,Nathan Saliba,MID,67,70,56,62,64,52,62,Estimated
Canada,Liam Millar,FWD,73,88,64,62,72,36,62,Official
Canada,Jacob Shaffelburg,FWD,71,86,62,60,70,34,60,Estimated
Canada,Jonathan Osorio,MID,75,76,66,72,74,60,68,Official
Canada,Jonathan David,FWD,86,86,88,78,84,42,74,Official
Canada,Cyle Larin,FWD,78,80,78,66,76,40,76,Official
Canada,Tani Oluwaseyi,FWD,72,86,64,62,72,34,64,Estimated
Canada,Promise David,FWD,68,84,60,58,66,30,60,Estimated
Cape Verde,Vozinha,GK,74,68,52,56,64,12,72,Official
Cape Verde,Marcio Rosa,GK,69,62,46,50,56,10,66,Estimated
Cape Verde,CJ dos Santos,GK,70,64,48,52,58,10,68,Estimated
Cape Verde,Stopira,DEF,73,68,44,60,64,74,72,Official
Cape Verde,Roberto Lopes,DEF,72,68,44,60,62,72,70,Official
Cape Verde,Joao Paulo Fernandes,DEF,69,70,42,56,58,68,68,Estimated
Cape Verde,Diney Borges,DEF,68,68,40,54,56,68,68,Estimated
Cape Verde,Logan Costa,DEF,76,72,48,64,66,76,74,Official
Cape Verde,Steven Moreira,DEF,72,74,46,62,64,70,68,Official
Cape Verde,Wagner Pina,DEF,67,68,40,52,54,66,66,Estimated
Cape Verde,Sidny Cabral,DEF,67,68,40,52,54,66,66,Estimated
Cape Verde,Kelvin Pires,DEF,66,66,38,50,52,64,64,Estimated
Cape Verde,Jamiro Monteiro,MID,76,78,66,72,74,58,68,Official
Cape Verde,Kevin Pina,MID,69,72,58,64,66,54,62,Estimated
Cape Verde,Deroy Duarte,MID,68,72,56,62,64,54,62,Estimated
Cape Verde,Telmo Arcanjo,MID,70,74,60,66,68,54,64,Estimated
Cape Verde,Laros Duarte,MID,72,76,62,68,70,56,64,Official
Cape Verde,Yannick Semedo,MID,70,74,60,66,68,54,64,Estimated
Cape Verde,Ryan Mendes,FWD,73,84,66,64,72,36,64,Official
Cape Verde,Garry Rodrigues,FWD,74,86,68,64,74,36,64,Official
Cape Verde,Willy Semedo,FWD,68,80,60,58,66,30,60,Estimated
Cape Verde,Jovane Cabral,FWD,75,86,68,66,74,38,66,Official
Cape Verde,Gilson Benchimol,FWD,66,78,58,56,64,28,58,Estimated
Cape Verde,Dailon Livramento,FWD,68,80,60,58,66,32,60,Estimated
Cape Verde,Helio Varela,FWD,67,78,58,56,64,30,58,Estimated
Cape Verde,Nuno da Costa,FWD,72,80,66,62,70,34,66,Official
Colombia,Camilo Vargas,GK,77,72,54,58,68,14,74,Official
Colombia,Alvaro Montero,GK,74,68,52,56,64,12,72,Official
Colombia,David Ospina,GK,78,74,56,60,70,14,74,Official
Colombia,Davinson Sanchez,DEF,83,78,52,68,72,84,84,Official
Colombia,Jhon Lucumi,DEF,80,76,50,66,70,82,80,Official
Colombia,Yerry Mina,DEF,78,72,52,62,66,80,82,Official
Colombia,Willer Ditta,DEF,72,70,44,58,62,72,72,Estimated
Colombia,Daniel Munoz,DEF,79,82,56,68,72,76,74,Official
Colombia,Santiago Arias,DEF,75,78,52,66,68,74,70,Official
Colombia,Johan Mojica,DEF,77,80,54,70,72,76,72,Official
Colombia,Deiver Machado,DEF,73,76,48,62,66,72,68,Estimated
Colombia,Richard Rios,MID,78,78,66,74,76,66,74,Official
Colombia,Jefferson Lerma,MID,81,74,66,76,74,78,82,Official
Colombia,Kevin Castano,MID,72,72,62,68,68,64,70,Estimated
Colombia,Juan Camilo Portilla,MID,70,72,60,66,68,58,66,Estimated
Colombia,Gustavo Puerta,MID,73,74,62,70,70,60,68,Estimated
Colombia,Jhon Arias,MID,79,84,72,74,78,54,68,Official
Colombia,Jorge Carrascal,MID,78,82,72,76,78,52,68,Official
Colombia,Juan Fernando Quintero,MID,80,74,76,82,82,52,66,Official
Colombia,James Rodriguez,MID,84,72,80,88,86,50,68,Official
Colombia,Jaminton Campaz,MID,72,82,64,66,72,44,64,Estimated
Colombia,Juan Camilo Hernandez,FWD,82,84,80,74,82,38,70,Official
Colombia,Luis Diaz,FWD,86,92,80,78,86,44,72,Official
Colombia,Luis Suarez,FWD,68,60,72,72,74,38,64,Official
Colombia,Carlos Gomez,FWD,69,80,62,60,68,32,62,Estimated
Colombia,Jhon Cordoba,FWD,76,78,76,64,74,38,78,Official
Croatia,Dominik Livakovic,GK,84,82,66,68,82,24,82,Official
Croatia,Dominik Kotarski,GK,74,70,52,56,66,12,72,Estimated
Croatia,Ivor Pandur,GK,70,66,48,52,60,10,68,Estimated
Croatia,Josko Gvardiol,DEF,87,82,58,76,80,88,84,Official
Croatia,Duje Caleta-Car,DEF,79,72,48,66,68,80,78,Official
Croatia,Josip Sutalo,DEF,77,74,50,64,66,78,76,Official
Croatia,Josip Stanisic,DEF,78,80,52,68,72,76,74,Official
Croatia,Marin Pongracic,DEF,76,72,48,62,64,78,76,Official
Croatia,Martin Erlic,DEF,74,68,46,60,62,76,74,Estimated
Croatia,Luka Vuskovic,DEF,74,70,46,60,62,76,74,Estimated
Croatia,Luka Modric,MID,86,76,80,90,88,66,72,Official
Croatia,Mateo Kovacic,MID,85,80,74,86,86,72,74,Official
Croatia,Mario Pasalic,MID,80,76,74,78,78,62,72,Official
Croatia,Nikola Vlasic,MID,79,80,72,76,78,58,70,Official
Croatia,Luka Sucic,MID,78,76,70,76,78,58,68,Official
Croatia,Martin Baturina,MID,77,76,70,76,76,56,66,Official
Croatia,Kristijan Jakic,MID,74,72,62,70,70,66,70,Official
Croatia,Petar Sucic,MID,73,74,62,70,70,58,66,Estimated
Croatia,Nikola Moro,MID,72,72,60,68,68,62,68,Estimated
Croatia,Toni Fruk,MID,68,70,56,64,64,56,62,Estimated
Croatia,Ivan Perisic,FWD,81,82,74,76,78,56,74,Official
Croatia,Andrej Kramaric,FWD,82,80,82,74,80,42,74,Official
Croatia,Ante Budimir,FWD,77,74,76,66,72,40,76,Official
Croatia,Marco Pasalic,FWD,72,76,68,62,70,36,68,Estimated
Croatia,Petar Musa,FWD,76,80,74,66,72,38,74,Official
Croatia,Igor Matanovic,FWD,73,76,70,62,68,36,72,Estimated
Curacao,Eloy Room,GK,76,70,54,58,68,12,74,Official
Curacao,Trevor Doornbusch,GK,68,62,46,50,58,10,66,Estimated
Curacao,Tyrick Bodack,GK,66,60,44,48,54,8,62,Estimated
Curacao,Jurien Gaari,DEF,70,72,44,60,62,70,68,Estimated
Curacao,Roshon van Eijma,DEF,71,74,46,62,64,70,68,Estimated
Curacao,Sherel Floranus,DEF,69,70,42,58,60,68,68,Estimated
Curacao,Joshua Brenet,DEF,73,78,48,64,66,70,68,Official
Curacao,Shurandy Sambo,DEF,70,72,44,60,62,70,68,Estimated
Curacao,Armando Obispo,DEF,74,72,46,62,64,74,72,Official
Curacao,Riechedly Bazoer,DEF,75,74,50,66,68,74,72,Official
Curacao,Deveron Fonville,DEF,67,68,40,54,56,66,64,Estimated
Curacao,Leandro Bacuna,MID,77,76,68,72,74,60,70,Official
Curacao,Juninho Bacuna,MID,75,76,66,70,72,58,68,Official
Curacao,Godfried Roemeratoe,MID,67,68,54,62,64,52,60,Estimated
Curacao,Kevin Felida,MID,67,70,56,62,64,52,62,Estimated
Curacao,Livano Comenencia,MID,68,70,56,62,64,54,62,Estimated
Curacao,Ar'jany Martha,MID,71,74,60,66,68,54,64,Estimated
Curacao,Tyrese Noslin,FWD,72,84,64,62,70,34,62,Official
Curacao,Kenji Gorre,FWD,71,82,64,60,70,32,62,Official
Curacao,Brandley Kuwas,FWD,70,82,62,58,68,30,60,Official
Curacao,Gervane Kastaneer,FWD,69,80,62,58,66,30,60,Official
Curacao,Jeremy Antonisse,FWD,67,78,58,56,64,28,58,Estimated
Curacao,Jearl Margaritha,FWD,66,76,56,54,62,28,58,Estimated
Curacao,Jurgen Locadia,FWD,73,82,68,62,70,34,66,Official
Curacao,Sontje Hansen,FWD,72,82,66,60,68,32,64,Official
Curacao,Tahith Chong,FWD,76,88,70,68,76,36,64,Official
Czechia,Matej Kovar,GK,82,80,64,66,78,20,80,Official
Czechia,Jindrich Stanek,GK,79,76,60,62,74,18,76,Official
Czechia,Lukas Hornicek,GK,72,66,50,54,62,10,68,Estimated
Czechia,Vladimir Coufal,DEF,78,82,54,68,70,76,72,Official
Czechia,Tomas Holes,DEF,76,72,50,64,66,76,74,Official
Czechia,Ladislav Krejci,DEF,77,74,52,66,68,78,74,Official
Czechia,David Zima,DEF,74,72,48,62,64,74,72,Official
Czechia,Jaroslav Zeleny,DEF,68,68,40,54,56,68,68,Estimated
Czechia,David Jurasek,DEF,74,76,50,64,66,72,68,Official
Czechia,David Doudera,DEF,70,70,44,58,60,70,70,Estimated
Czechia,Robin Hranac,DEF,75,72,50,64,66,76,74,Official
Czechia,Stepan Chaloupek,DEF,67,68,40,52,54,66,66,Estimated
Czechia,Tomas Soucek,MID,83,72,74,76,78,80,84,Official
Czechia,Vladimir Darida,MID,75,72,64,74,72,64,70,Official
Czechia,Lukas Provod,MID,74,78,64,70,72,58,68,Official
Czechia,Michal Sadilek,MID,73,72,62,70,70,62,68,Estimated
Czechia,Pavel Sulc,MID,74,76,66,70,72,56,66,Official
Czechia,Lukas Cerv,MID,70,72,60,66,68,56,64,Estimated
Czechia,Hugo Sochurek,MID,67,68,56,62,64,52,60,Estimated
Czechia,Alexandr Sojka,MID,67,68,54,62,64,52,62,Estimated
Czechia,Denis Visinsky,MID,68,70,58,64,66,52,62,Estimated
Czechia,Patrik Schick,FWD,83,76,84,74,80,36,78,Official
Czechia,Adam Hlozek,FWD,80,84,76,72,78,38,72,Official
Czechia,Jan Kuchta,FWD,73,76,70,62,68,36,70,Official
Czechia,Mojmir Chytil,FWD,72,76,68,62,66,34,68,Estimated
Czechia,Tomas Chory,FWD,70,72,66,60,64,32,70,Estimated
DR Congo,Matthieu Epolo,GK,74,68,52,56,64,12,72,Estimated
DR Congo,Timothy Fayulu,GK,70,64,48,52,58,10,68,Estimated
DR Congo,Lionel Mpasi,GK,67,60,44,48,54,8,64,Estimated
DR Congo,Dylan Batubinsika,DEF,74,72,48,62,64,74,74,Official
DR Congo,Gedeon Kalulu,DEF,76,74,50,64,66,76,74,Official
DR Congo,Steve Kapuadi,DEF,71,70,44,58,60,70,70,Estimated
DR Congo,Joris Kayembe,DEF,72,76,48,62,64,70,68,Official
DR Congo,Arthur Masuaku,DEF,75,78,52,66,68,72,72,Official
DR Congo,Chancel Mbemba,DEF,77,72,50,64,66,78,78,Official
DR Congo,Axel Tuanzebe,DEF,72,72,46,60,62,72,72,Official
DR Congo,Aaron Wan-Bissaka,DEF,78,82,52,64,70,76,72,Official
DR Congo,Brian Cipenga,MID,67,68,54,62,64,52,60,Estimated
DR Congo,Meshack Elia,MID,68,70,56,62,64,54,62,Estimated
DR Congo,Gael Kakuta,MID,74,80,68,72,76,48,64,Official
DR Congo,Edo Kayembe,MID,68,70,58,64,66,54,62,Estimated
DR Congo,Nathanael Mbuku,MID,72,82,64,66,72,44,62,Official
DR Congo,Samuel Moutoussamy,MID,71,70,60,68,68,58,68,Official
DR Congo,Ngal'ayel Mukau,MID,72,76,62,66,70,54,64,Estimated
DR Congo,Charles Pickel,MID,73,70,62,70,70,62,70,Official
DR Congo,Noah Sadiki,MID,70,72,58,64,66,58,66,Estimated
DR Congo,Aaron Tshibola,MID,68,68,56,62,64,56,64,Estimated
DR Congo,Cedric Bakambu,FWD,77,82,74,68,76,36,68,Official
DR Congo,Simon Banza,FWD,76,80,74,66,74,36,70,Official
DR Congo,Fiston Mayele,FWD,72,80,68,60,68,32,66,Estimated
DR Congo,Yoane Wissa,FWD,80,88,76,70,78,38,70,Official
DR Congo,Theo Bongonda,FWD,74,88,68,66,74,34,64,Official
Ecuador,Hernan Galindez,GK,74,68,52,56,64,12,72,Official
Ecuador,Moises Ramirez,GK,69,64,48,52,58,10,66,Estimated
Ecuador,Gonzalo Valle,GK,67,62,44,48,54,8,64,Estimated
Ecuador,Felix Torres,DEF,80,74,50,66,68,80,80,Official
Ecuador,Piero Hincapie,DEF,83,78,52,70,72,84,80,Official
Ecuador,Pervis Estupinan,DEF,84,86,58,74,78,80,76,Official
Ecuador,Willian Pacho,DEF,82,78,52,68,72,84,80,Official
Ecuador,Joel Ordonez,DEF,75,74,48,62,64,76,74,Official
Ecuador,Jackson Porozo,DEF,72,70,46,60,62,72,72,Official
Ecuador,Angelo Preciado,DEF,74,78,50,64,66,72,70,Official
Ecuador,Moises Caicedo,MID,87,80,72,82,82,84,84,Official
Ecuador,Alan Franco,MID,74,70,62,68,68,66,70,Official
Ecuador,Kendry Paez,MID,80,82,74,78,80,58,68,Official
Ecuador,Gonzalo Plata,MID,77,88,68,68,76,44,66,Official
Ecuador,Pedro Vite,MID,70,74,60,66,68,54,62,Estimated
Ecuador,Jordy Alcivar,MID,70,72,58,66,66,56,64,Estimated
Ecuador,Denil Castillo,MID,69,72,58,64,66,54,62,Estimated
Ecuador,John Yeboah,FWD,72,84,66,62,70,34,62,Official
Ecuador,Nilson Angulo,FWD,73,84,66,64,72,34,62,Estimated
Ecuador,Alan Minda,MID,69,72,60,64,66,52,62,Estimated
Ecuador,Yaimar Medina,DEF,72,72,46,60,62,70,68,Estimated
Ecuador,Enner Valencia,FWD,78,82,76,68,76,40,74,Official
Ecuador,Kevin Rodriguez,FWD,72,80,66,62,68,34,64,Estimated
Ecuador,Jordy Caicedo,FWD,71,78,64,60,66,34,66,Official
Ecuador,Anthony Valencia,FWD,68,78,60,58,64,30,62,Estimated
Ecuador,Jeremy Arevalo,FWD,67,76,58,56,62,28,60,Estimated
Egypt,Mohamed El Shenawy,GK,80,76,60,62,74,18,78,Official
Egypt,Mostafa Shobeir,GK,72,66,50,54,62,10,70,Estimated
Egypt,Mohamed Alaa,GK,68,62,46,50,56,8,66,Estimated
Egypt,El Mahdy Soliman,GK,66,60,44,48,52,6,62,Estimated
Egypt,Hamdi Fathi,DEF,74,72,48,64,66,72,72,Official
Egypt,Ramy Rabia,DEF,70,68,42,56,58,70,68,Estimated
Egypt,Mohamed Hany,DEF,74,72,48,62,64,72,72,Official
Egypt,Ahmed Fattouh,DEF,72,70,44,60,62,70,70,Official
Egypt,Mohamed Abdelmonem,DEF,75,72,48,64,66,76,74,Official
Egypt,Yasser Ibrahim,DEF,73,70,46,62,64,74,72,Official
Egypt,Hossam Abdelmaguid,DEF,71,70,44,58,60,70,70,Estimated
Egypt,Karim Hafez,DEF,69,68,42,56,58,68,66,Estimated
Egypt,Tarek Alaa,DEF,69,68,42,56,58,68,68,Estimated
Egypt,Marwan Attia,MID,70,72,60,66,68,56,64,Estimated
Egypt,Emam Ashour,MID,74,72,64,70,72,60,68,Official
Egypt,Mohanad Lasheen,MID,70,70,60,66,68,56,64,Estimated
Egypt,Mahmoud Saber,MID,68,68,56,62,64,54,62,Estimated
Egypt,Nabil Emad,MID,69,70,58,64,66,54,62,Estimated
Egypt,Mostafa Abdel Raouf,MID,67,68,54,62,64,52,60,Estimated
Egypt,Mohamed Salah,FWD,91,88,88,86,88,42,76,Official
Egypt,Mahmoud Hassan Trezeguet,FWD,77,84,72,68,76,38,68,Official
Egypt,Ahmed Sayed Zizo,FWD,73,80,68,68,72,38,64,Official
Egypt,Omar Marmoush,FWD,84,86,82,78,84,42,72,Official
Egypt,Ibrahim Adel,FWD,74,84,68,66,72,36,62,Official
Egypt,Haitham Hassan,FWD,70,80,64,62,68,32,60,Estimated
Egypt,Hamza Abdel Karim,FWD,69,76,62,58,64,32,60,Estimated
England,Jordan Pickford,GK,84,82,66,66,80,20,80,Official
England,Dean Henderson,GK,78,74,56,60,70,16,76,Official
England,James Trafford,GK,76,72,54,58,68,14,74,Estimated
England,Reece James,DEF,85,88,64,76,78,82,78,Official
England,Ezri Konsa,DEF,81,78,52,66,68,82,78,Official
England,Jarell Quansah,DEF,76,76,50,62,64,76,74,Estimated
England,John Stones,DEF,84,76,56,80,76,84,78,Official
England,Marc Guehi,DEF,82,76,52,68,70,82,78,Official
England,Dan Burn,DEF,75,68,46,60,62,76,78,Official
England,Nico O'Reilly,DEF,72,78,48,62,64,70,70,Estimated
England,Djed Spence,DEF,72,82,48,62,64,70,68,Estimated
England,Tino Livramento,DEF,76,84,52,66,68,72,68,Official
England,Declan Rice,MID,87,78,76,84,82,84,84,Official
England,Elliot Anderson,MID,74,76,64,72,72,60,72,Estimated
England,Kobbie Mainoo,MID,82,78,70,80,82,68,74,Official
England,Jordan Henderson,MID,77,72,66,78,76,70,74,Official
England,Morgan Rogers,MID,76,80,68,74,76,54,70,Official
England,Jude Bellingham,MID,90,84,80,88,90,72,80,Official
England,Eberechi Eze,MID,83,84,78,80,84,50,72,Official
England,Harry Kane,FWD,89,72,92,82,84,44,82,Official
England,Ivan Toney,FWD,80,74,82,68,76,40,82,Official
England,Ollie Watkins,FWD,84,88,84,76,82,42,76,Official
England,Bukayo Saka,FWD,88,88,82,84,88,60,72,Official
England,Marcus Rashford,FWD,82,92,80,76,82,44,74,Official
England,Anthony Gordon,FWD,78,90,72,70,78,44,70,Official
England,Noni Madueke,FWD,79,88,74,72,80,40,68,Official
France,Mike Maignan,GK,88,88,80,70,86,50,86,Official
France,Robin Risser,GK,70,64,48,52,58,10,68,Estimated
France,Brice Samba,GK,78,74,58,60,70,16,76,Official
France,Lucas Digne,DEF,80,80,56,74,74,78,72,Official
France,Malo Gusto,DEF,79,84,56,70,72,76,72,Official
France,Lucas Hernandez,DEF,82,80,56,72,74,82,78,Official
France,Theo Hernandez,DEF,85,88,64,76,78,80,78,Official
France,Ibrahima Konate,DEF,86,82,54,72,76,86,84,Official
France,Maxence Lacroix,DEF,78,76,50,64,66,78,76,Official
France,Jules Kounde,DEF,85,86,60,74,78,84,78,Official
France,William Saliba,DEF,87,80,54,72,78,88,84,Official
France,Dayot Upamecano,DEF,84,80,52,70,74,86,82,Official
France,N'Golo Kante,MID,84,78,68,80,82,82,78,Official
France,Manu Kone,MID,78,78,66,76,76,72,76,Official
France,Adrien Rabiot,MID,81,80,72,78,78,74,80,Official
France,Aurelien Tchouameni,MID,85,76,70,80,80,84,84,Official
France,Warren Zaire-Emery,MID,82,80,72,80,82,70,74,Official
France,Maghnes Akliouche,FWD,76,84,70,70,76,38,66,Official
France,Bradley Barcola,FWD,83,94,76,76,84,40,68,Official
France,Rayan Cherki,FWD,82,84,78,80,84,42,68,Official
France,Ousmane Dembele,FWD,90,94,82,82,90,44,72,Official
France,Desire Doue,FWD,81,90,74,74,82,40,68,Official
France,Michael Olise,FWD,83,86,78,80,84,44,70,Official
France,Kylian Mbappe,FWD,91,97,90,86,92,44,80,Official
France,Jean-Philippe Mateta,FWD,79,82,78,66,74,38,76,Official
France,Marcus Thuram,FWD,84,86,82,76,82,44,82,Official
Germany,Manuel Neuer,GK,87,90,82,70,88,52,84,Official
Germany,Oliver Baumann,GK,80,76,60,64,74,18,78,Official
Germany,Alexander Nubel,GK,78,74,58,60,70,16,74,Official
Germany,Antonio Rudiger,DEF,85,80,54,70,74,88,86,Official
Germany,Jonathan Tah,DEF,83,76,52,68,72,84,84,Official
Germany,Nico Schlotterbeck,DEF,82,76,52,68,72,84,82,Official
Germany,Nathaniel Brown,DEF,74,78,48,62,64,72,70,Estimated
Germany,David Raum,DEF,80,82,56,74,74,76,72,Official
Germany,Malick Thiaw,DEF,80,78,52,66,68,80,80,Official
Germany,Waldemar Anton,DEF,78,74,50,64,66,78,78,Official
Germany,Pascal Gross,MID,78,72,68,78,74,64,70,Official
Germany,Joshua Kimmich,MID,89,76,76,88,84,86,80,Official
Germany,Leon Goretzka,MID,83,80,74,80,80,76,84,Official
Germany,Lennart Karl,MID,70,72,60,66,68,58,66,Estimated
Germany,Jamal Musiala,MID,88,86,82,86,90,60,72,Official
Germany,Florian Wirtz,FWD,89,80,84,88,90,56,72,Official
Germany,Jamie Leweling,FWD,75,86,68,68,74,40,68,Official
Germany,Aleksandar Pavlovic,MID,80,76,68,78,78,72,76,Official
Germany,Maximilian Beier,FWD,79,86,76,70,76,40,72,Official
Germany,Nadiem Amiri,MID,76,76,68,76,76,54,66,Official
Germany,Leroy Sane,FWD,85,90,78,82,86,48,72,Official
Germany,Angelo Stiller,MID,76,72,64,76,74,64,68,Official
Germany,Felix Nmecha,MID,76,76,66,72,74,62,74,Official
Germany,Kai Havertz,FWD,84,78,82,78,82,64,80,Official
Germany,Denis Undav,FWD,78,80,76,68,74,40,72,Official
Germany,Nick Woltemade,FWD,74,80,70,64,70,36,74,Estimated
Ghana,Lawrence Ati-Zigi,GK,78,74,58,60,70,14,74,Official
Ghana,Joseph Anang,GK,70,64,48,52,58,10,68,Estimated
Ghana,Benjamin Asare,GK,67,60,44,48,54,8,62,Estimated
Ghana,Jonas Adjetey,DEF,70,72,44,60,62,70,68,Official
Ghana,Derrick Luckassen,DEF,72,70,44,58,62,72,72,Official
Ghana,Gideon Mensah,DEF,74,76,50,64,66,72,70,Official
Ghana,Abdul Mumin,DEF,73,70,46,60,62,72,72,Official
Ghana,Jerome Opoku,DEF,71,68,44,58,60,70,70,Estimated
Ghana,Kojo Oppong Preprah,DEF,68,70,42,56,58,66,66,Estimated
Ghana,Baba Abdul Rahman,DEF,74,76,50,64,66,72,68,Official
Ghana,Alidu Seidu,DEF,76,80,52,66,68,74,70,Official
Ghana,Marvin Senaya,DEF,67,70,42,54,56,66,64,Estimated
Ghana,Augustine Boakye,MID,73,80,64,66,70,50,62,Official
Ghana,Abdul Fatawu Issahaku,MID,78,86,68,72,76,48,66,Official
Ghana,Elisha Owusu,MID,72,70,60,68,68,62,68,Official
Ghana,Thomas Partey,MID,82,76,70,80,78,80,80,Official
Ghana,Kwasi Sibo,MID,67,70,54,60,62,52,60,Estimated
Ghana,Kamal Deen Sulemana,FWD,77,90,68,68,76,36,64,Official
Ghana,Caleb Yirenkyi,MID,68,70,56,62,64,54,62,Estimated
Ghana,Prince Kwabena Adu,FWD,67,76,60,56,62,28,58,Estimated
Ghana,Jordan Ayew,FWD,76,84,70,66,72,42,68,Official
Ghana,Christopher Bonsu Baah,FWD,73,84,66,62,70,34,62,Estimated
Ghana,Ernest Nuamah,FWD,77,88,70,66,74,36,66,Official
Ghana,Antoine Semenyo,FWD,78,88,72,66,74,38,68,Official
Ghana,Brandon Thomas-Asante,FWD,74,80,70,62,68,36,68,Official
Ghana,Inaki Williams,FWD,80,90,74,70,78,40,76,Official
Haiti,Johny Placide,GK,73,66,50,54,62,12,70,Official
Haiti,Alexandre Pierre,GK,67,60,44,48,54,8,64,Estimated
Haiti,Josue Duverger,GK,66,60,42,46,52,8,62,Estimated
Haiti,Ricardo Ade,DEF,67,68,40,54,56,66,64,Estimated
Haiti,Carlens Arcus,DEF,69,68,42,56,58,68,68,Estimated
Haiti,Martin Experience,DEF,68,70,42,54,56,66,66,Estimated
Haiti,Jean-Kevin Duverne,DEF,71,72,44,58,60,70,68,Official
Haiti,Duke Lacroix,DEF,66,66,40,52,54,64,64,Estimated
Haiti,Wilguens Paugain,DEF,68,70,42,56,58,66,66,Estimated
Haiti,Hannes Delcroix,DEF,73,72,46,60,62,72,72,Official
Haiti,Keeto Thermoncy,DEF,66,66,40,52,54,64,64,Estimated
Haiti,Leverton Pierre,MID,68,70,56,62,64,52,62,Estimated
Haiti,Danley Jean Jacques,MID,67,68,54,60,62,52,60,Estimated
Haiti,Carl Sainte,MID,68,70,58,62,64,54,62,Estimated
Haiti,Jean-Ricner Bellegarde,MID,72,74,62,66,68,56,64,Official
Haiti,Woodensky Pierre,MID,66,68,54,60,62,50,60,Estimated
Haiti,Dominique Simon,MID,65,66,52,58,60,50,58,Estimated
Haiti,Duckens Nazon,FWD,73,84,66,62,70,34,62,Official
Haiti,Frantzdy Pierrot,FWD,72,82,64,60,68,32,60,Official
Haiti,Derrick Etienne Jr,FWD,71,80,62,60,66,32,60,Official
Haiti,Louicius Deedson,FWD,67,76,58,54,62,28,56,Estimated
Haiti,Ruben Providence,FWD,66,74,56,52,60,26,56,Estimated
Haiti,Josue Casimir,FWD,65,72,54,50,58,26,54,Estimated
Haiti,Yassin Fortune,FWD,67,78,58,56,62,28,58,Estimated
Haiti,Wilson Isidor,FWD,72,82,64,60,68,34,62,Official
Haiti,Lenny Joseph,FWD,65,72,54,50,58,26,54,Estimated
Iran,Alireza Beiranvand,GK,79,74,60,62,72,16,76,Official
Iran,Payam Niazmand,GK,70,64,48,52,58,10,68,Estimated
Iran,Hossein Hosseini,GK,68,62,46,50,56,8,64,Estimated
Iran,Milad Mohammadi,DEF,74,76,50,64,66,72,70,Official
Iran,Morteza Pouraliganji,DEF,73,68,46,60,62,74,72,Official
Iran,Majid Hosseini,DEF,74,70,48,62,64,74,72,Official
Iran,Shoja Khalilzadeh,DEF,72,68,46,60,62,72,70,Official
Iran,Sadegh Moharrami,DEF,74,78,50,64,66,72,70,Official
Iran,Hossein Kanaanizadegan,DEF,70,68,44,56,58,70,70,Estimated
Iran,Abolfazl Jalali,DEF,68,66,42,54,56,68,68,Estimated
Iran,Amir Rostamikhaki,DEF,68,68,42,54,56,66,66,Estimated
Iran,Saeid Ezatolahi,MID,77,74,64,72,72,70,74,Official
Iran,Ahmad Noorollahi,MID,72,70,60,68,68,62,68,Official
Iran,Alireza Jahanbakhsh,MID,79,84,72,72,76,50,68,Official
Iran,Ali Gholizadeh,MID,74,82,66,66,72,44,64,Official
Iran,Mehdi Torabi,MID,72,76,64,66,70,50,64,Official
Iran,Karim Ansarifard,FWD,73,74,70,62,68,36,68,Official
Iran,Mehdi Taremi,FWD,83,78,82,72,78,40,76,Official
Iran,Sardar Azmoun,FWD,80,80,78,70,76,38,72,Official
Iran,Allahyar Sayyadmanesh,FWD,75,84,68,66,72,36,66,Official
Iran,Mohammad Mohebi,FWD,70,78,62,60,66,32,62,Estimated
Iran,Shahin Taheri,FWD,69,76,62,58,64,30,62,Estimated
Iran,Roozbeh Cheshmi,MID,73,72,62,68,68,62,68,Official
Iran,Mohammad Karimi,MID,71,72,60,66,66,58,66,Official
Iran,Shayan Moslah,MID,68,70,56,62,64,52,60,Estimated
Iran,Danial Esmaeilifar,DEF,66,66,40,52,54,64,64,Estimated
Iraq,Jalal Hassan,GK,72,66,50,54,62,12,70,Official
Iraq,Fahad Tahseen,GK,67,60,44,48,54,8,64,Estimated
Iraq,Mohammed Hameed,GK,65,58,42,46,52,6,62,Estimated
Iraq,Ali Adnan,DEF,75,76,52,66,68,72,70,Official
Iraq,Rebin Sulaka,DEF,70,70,44,58,60,70,68,Estimated
Iraq,Saad Abdul Amir,DEF,69,68,42,56,58,68,68,Estimated
Iraq,Mustafa Mohammed Nour,DEF,70,68,44,56,58,70,70,Estimated
Iraq,Ahmed Ibrahim,DEF,68,68,42,54,56,66,66,Estimated
Iraq,Amjad Attwan,DEF,67,66,40,52,54,64,64,Estimated
Iraq,Hussein Ali,DEF,68,68,42,54,56,66,64,Estimated
Iraq,Mohanad Ali,DEF,67,66,40,52,54,64,64,Estimated
Iraq,Mohannad Abu Taha,MID,72,72,62,66,68,58,64,Official
Iraq,Amer Jamous,MID,70,70,58,64,66,56,62,Estimated
Iraq,Mohammad Al-Dawoud,MID,68,68,56,62,64,54,60,Estimated
Iraq,Nizar Al-Rashdan,MID,70,72,60,64,66,54,62,Estimated
Iraq,Ibrahim Sadeh,MID,67,68,54,60,62,52,60,Estimated
Iraq,Noor Al-Rawabdeh,MID,66,66,52,58,60,50,58,Estimated
Iraq,Rajaei Ayed,MID,65,64,50,56,58,48,56,Estimated
Iraq,Musa Al-Taamari,FWD,76,84,68,68,74,36,66,Official
Iraq,Mahmoud Al-Mardi,FWD,68,76,60,58,64,30,60,Estimated
Iraq,Ali Olwan,FWD,69,76,62,58,64,32,60,Estimated
Iraq,Mohammad Abu Zrayq,FWD,70,78,62,60,66,32,62,Estimated
Iraq,Odeh Al-Fakhouri,FWD,68,76,60,56,62,28,60,Estimated
Iraq,Ibrahim Sabra,FWD,68,74,60,56,62,28,58,Estimated
Iraq,Ali Azaizeh,FWD,69,76,62,58,64,30,60,Official
Ivory Coast,Yahia Fofana,GK,77,72,54,58,68,14,74,Official
Ivory Coast,Alban Lafont,GK,79,74,58,62,70,16,76,Official
Ivory Coast,Mohamed Kone,GK,70,64,48,52,58,10,68,Estimated
Ivory Coast,Ghislain Konan,DEF,75,78,52,66,68,72,70,Official
Ivory Coast,Odilon Kossounou,DEF,81,78,52,68,70,82,80,Official
Ivory Coast,Wilfried Singo,DEF,79,84,54,68,72,76,72,Official
Ivory Coast,Evan Ndicka,DEF,82,78,52,68,70,82,80,Official
Ivory Coast,Emmanuel Agbadou,DEF,78,74,50,64,66,78,78,Official
Ivory Coast,Guela Doue,DEF,74,76,50,62,64,72,70,Estimated
Ivory Coast,Ousmane Diomande,DEF,80,76,52,66,68,80,78,Official
Ivory Coast,Clement Akpa,DEF,68,70,42,56,58,66,66,Estimated
Ivory Coast,Franck Kessie,MID,83,78,74,80,80,80,84,Official
Ivory Coast,Jean Michael Seri,MID,76,72,66,74,74,66,68,Official
Ivory Coast,Ibrahim Sangare,MID,80,76,68,76,76,78,82,Official
Ivory Coast,Seko Fofana,MID,82,78,72,80,80,72,78,Official
Ivory Coast,Christ Inao Oulai,MID,68,70,56,62,64,54,62,Estimated
Ivory Coast,Parfait Guiagon,MID,67,68,54,60,62,52,60,Estimated
Ivory Coast,Nicolas Pepe,FWD,79,88,74,72,80,38,68,Official
Ivory Coast,Oumar Diakite,FWD,71,80,64,62,68,34,62,Estimated
Ivory Coast,Simon Adingra,FWD,78,90,72,70,76,36,64,Official
Ivory Coast,Evann Guessand,FWD,74,82,68,64,70,36,66,Official
Ivory Coast,Amad Diallo,FWD,82,86,76,78,82,44,66,Official
Ivory Coast,Yan Diomande,FWD,69,78,62,58,64,32,60,Estimated
Ivory Coast,Bazoumana Toure,FWD,66,74,58,54,60,28,58,Estimated
Ivory Coast,Elye Wahi,FWD,78,84,76,70,76,36,70,Official
Ivory Coast,Ange Yoan-Bonny,FWD,73,82,66,64,70,34,62,Estimated
Japan,Zion Suzuki,GK,78,72,56,58,68,14,74,Official
Japan,Keisuke Osako,GK,68,62,46,50,56,8,64,Estimated
Japan,Tomoki Hayakawa,GK,67,60,44,48,54,8,62,Estimated
Japan,Yuto Nagatomo,DEF,75,78,52,66,68,72,68,Official
Japan,Takehiro Tomiyasu,DEF,81,80,54,68,70,80,76,Official
Japan,Ko Itakura,DEF,77,72,50,64,66,78,74,Official
Japan,Shogo Taniguchi,DEF,74,70,48,62,64,74,72,Official
Japan,Hiroki Ito,DEF,79,76,52,66,68,80,76,Official
Japan,Yukinari Sugawara,DEF,76,80,52,66,68,72,70,Official
Japan,Ayumu Seko,DEF,68,70,44,56,58,66,66,Estimated
Japan,Tsuyoshi Watanabe,DEF,72,68,46,60,62,72,70,Estimated
Japan,Junnosuke Suzuki,DEF,67,68,42,54,56,64,64,Estimated
Japan,Wataru Endo,MID,80,74,68,78,76,76,76,Official
Japan,Junya Ito,MID,77,86,68,68,74,48,64,Official
Japan,Ritsu Doan,MID,78,84,70,72,76,50,66,Official
Japan,Daichi Kamada,MID,80,78,74,78,78,58,70,Official
Japan,Takefusa Kubo,MID,81,82,74,80,82,52,66,Official
Japan,Ao Tanaka,MID,76,72,64,74,72,64,70,Official
Japan,Keito Nakamura,MID,72,76,64,66,70,48,62,Official
Japan,Kaishu Sano,MID,68,70,56,62,64,54,62,Estimated
Japan,Ayase Ueda,FWD,77,80,76,66,72,38,72,Official
Japan,Daizen Maeda,FWD,75,84,68,62,70,36,68,Official
Japan,Koki Ogawa,FWD,73,78,68,62,66,34,66,Official
Japan,Yuito Suzuki,FWD,70,78,62,60,66,32,60,Estimated
Japan,Keisuke Goto,FWD,68,76,60,56,62,28,58,Estimated
Japan,Kento Shiogai,FWD,67,74,58,54,60,28,56,Estimated
Jordan,Yazeed Abo Laila,GK,68,62,46,50,56,8,64,Estimated
Jordan,Mohammed Yousef Ryahi,GK,66,60,44,48,52,6,62,Estimated
Jordan,Amer Shafi,GK,73,66,50,54,62,12,70,Official
Jordan,Yazan Al-Arab,DEF,68,68,42,54,56,66,64,Estimated
Jordan,Musa Al-Tamari,FWD,76,84,68,68,74,36,66,Official
Jordan,Ahmed Ibrahim Samir,DEF,67,66,40,52,54,64,64,Estimated
Jordan,Khaled Al-Sahouri,DEF,68,66,42,54,56,66,64,Estimated
Jordan,Yazan Al-Naimat,DEF,67,66,40,52,54,64,64,Estimated
Jordan,Baha Faisal,DEF,66,64,38,50,52,62,62,Estimated
Jordan,Abdallah Nasib,DEF,66,66,40,52,54,64,62,Estimated
Jordan,Mohammed Rashdan,DEF,65,64,38,50,52,62,62,Estimated
Jordan,Rajaei Ayed,MID,65,64,50,56,58,48,56,Estimated
Jordan,Noor Al-Rawabdeh,MID,66,66,52,58,60,50,58,Estimated
Jordan,Ibrahim Sadeh,MID,67,68,54,60,62,52,60,Estimated
Jordan,Nizar Al-Rashdan,MID,70,72,60,64,66,54,62,Estimated
Jordan,Mohannad Abu Taha,MID,72,72,62,66,68,58,64,Official
Jordan,Amer Jamous,MID,70,70,58,64,66,56,62,Estimated
Jordan,Mohammad Al-Dawoud,MID,68,68,56,62,64,54,60,Estimated
Jordan,Musa Al-Taamari,FWD,76,84,68,68,74,36,66,Official
Jordan,Mahmoud Al-Mardi,FWD,68,76,60,58,64,30,60,Estimated
Jordan,Ali Olwan,FWD,69,76,62,58,64,32,60,Estimated
Jordan,Mohammad Abu Zrayq,FWD,70,78,62,60,66,32,62,Estimated
Jordan,Odeh Al-Fakhouri,FWD,68,76,60,56,62,28,60,Estimated
Jordan,Ibrahim Sabra,FWD,68,74,60,56,62,28,58,Estimated
Jordan,Ali Azaizeh,FWD,69,76,62,58,64,30,60,Official
Mexico,Guillermo Ochoa,GK,82,78,62,64,74,18,78,Official
Mexico,Raul Rangel,GK,74,68,52,56,64,12,72,Official
Mexico,Carlos Acevedo,GK,72,66,50,54,62,10,70,Official
Mexico,Jesus Gallardo,DEF,76,80,52,66,68,72,68,Official
Mexico,Cesar Montes,DEF,77,72,48,62,64,78,76,Official
Mexico,Jorge Sanchez,DEF,74,78,50,64,66,72,68,Official
Mexico,Johan Vasquez,DEF,74,70,46,60,62,74,72,Official
Mexico,Israel Reyes,DEF,71,68,44,58,60,70,70,Estimated
Mexico,Mateo Chavez,DEF,68,70,42,56,58,66,66,Estimated
Mexico,Edson Alvarez,MID,84,76,70,80,78,82,84,Official
Mexico,Orbelin Pineda,MID,76,76,66,72,74,58,66,Official
Mexico,Luis Romo,MID,72,70,60,68,68,62,68,Official
Mexico,Roberto Alvarado,MID,74,78,66,70,72,58,66,Official
Mexico,Luis Chavez,MID,75,74,66,72,72,62,70,Official
Mexico,Eric Lira,MID,70,70,58,64,66,58,64,Estimated
Mexico,Gilberto Mora,MID,68,68,54,62,64,52,62,Estimated
Mexico,Brian Gutierrez,MID,72,74,62,68,70,54,64,Official
Mexico,Obed Vargas,MID,74,76,64,70,72,58,66,Official
Mexico,Alvaro Fidalgo,MID,74,72,66,72,72,60,66,Official
Mexico,Raul Jimenez,FWD,80,76,80,70,76,40,76,Official
Mexico,Alexis Vega,FWD,76,84,70,66,74,38,66,Official
Mexico,Santiago Gimenez,FWD,84,80,86,72,80,38,76,Official
Mexico,Cesar Huerta,FWD,76,88,70,68,74,36,62,Official
Mexico,Julian Quinones,FWD,75,84,68,66,72,36,68,Official
Mexico,Guillermo Martinez,FWD,70,76,64,62,66,32,64,Estimated
Mexico,Armando Gonzalez,FWD,68,72,60,58,62,30,62,Estimated
Morocco,Yassine Bounou,GK,85,84,70,68,82,22,82,Official
Morocco,Munir Mohamedi,GK,76,70,54,58,68,14,74,Official
Morocco,Ahmed Reda Tagnaouti,GK,74,68,52,56,64,12,72,Official
Morocco,Achraf Hakimi,DEF,88,92,70,80,82,78,76,Official
Morocco,Nayef Aguerd,DEF,82,74,52,68,70,82,80,Official
Morocco,Noussair Mazraoui,DEF,82,82,58,72,74,80,76,Official
Morocco,Youssef Belammari,DEF,70,72,46,60,62,70,68,Estimated
Morocco,Anass Salah-Eddine,DEF,72,74,48,62,64,70,68,Estimated
Morocco,Chadi Riad,DEF,76,72,50,64,66,76,74,Official
Morocco,Issa Diop,DEF,76,72,50,64,66,76,76,Official
Morocco,Zakaria El Ouahdi,DEF,72,74,48,62,64,70,68,Estimated
Morocco,Redouane Halhal,DEF,70,72,46,60,62,68,66,Estimated
Morocco,Sofyan Amrabat,MID,82,76,68,78,78,78,80,Official
Morocco,Azzedine Ounahi,MID,78,78,68,74,76,64,72,Official
Morocco,Bilal El Khannouss,MID,80,82,72,78,80,58,68,Official
Morocco,Ismael Saibari,MID,76,80,68,72,74,56,66,Official
Morocco,Neil El Aynaoui,MID,72,74,62,68,70,56,64,Official
Morocco,Samir El Mourabet,MID,68,70,56,62,64,52,60,Estimated
Morocco,Ayyoub Bouaddi,MID,72,74,62,66,70,54,64,Estimated
Morocco,Ayoub El Kaabi,FWD,80,80,78,68,76,38,72,Official
Morocco,Soufiane Rahimi,FWD,78,86,74,68,76,36,66,Official
Morocco,Brahim Diaz,FWD,83,82,78,80,84,44,68,Official
Morocco,Abde Ezzalzouli,FWD,78,88,70,70,76,36,64,Official
Morocco,Chemsdine Talbi,FWD,73,82,66,64,70,34,62,Estimated
Morocco,Gessime Yassine,FWD,70,78,62,60,66,32,60,Estimated
Morocco,Ayoube Amaimouni,FWD,68,76,60,58,62,30,58,Estimated
Netherlands,Mark Flekken,GK,82,78,62,64,76,18,78,Official
Netherlands,Robin Roefs,GK,74,68,52,56,64,12,72,Estimated
Netherlands,Bart Verbruggen,GK,79,74,58,60,70,16,76,Official
Netherlands,Nathan Ake,DEF,84,80,56,74,76,84,80,Official
Netherlands,Denzel Dumfries,DEF,83,88,62,72,74,78,76,Official
Netherlands,Jorrel Hato,DEF,77,78,52,64,66,76,72,Official
Netherlands,Jurrien Timber,DEF,83,80,56,72,74,82,78,Official
Netherlands,Jan Paul van Hecke,DEF,79,74,50,64,66,80,76,Official
Netherlands,Virgil van Dijk,DEF,90,72,56,78,78,90,86,Official
Netherlands,Micky van de Ven,DEF,83,88,52,68,72,82,78,Official
Netherlands,Mats Wieffer,MID,78,74,64,74,72,70,74,Official
Netherlands,Ryan Gravenberch,MID,86,82,72,84,82,76,80,Official
Netherlands,Frenkie de Jong,MID,86,80,72,86,86,74,76,Official
Netherlands,Teun Koopmeijners,MID,83,78,76,82,82,68,76,Official
Netherlands,Tijjani Reijnders,MID,86,80,74,84,84,68,76,Official
Netherlands,Maarten de Roon,MID,76,68,62,72,70,72,74,Official
Netherlands,Guus Til,MID,74,72,64,70,70,60,70,Official
Netherlands,Quinten Timber,MID,76,76,66,72,72,66,72,Official
Netherlands,Brian Brobbey,FWD,82,84,80,70,78,42,82,Official
Netherlands,Memphis Depay,FWD,80,82,78,74,80,42,72,Official
Netherlands,Cody Gakpo,FWD,85,88,80,78,84,46,76,Official
Netherlands,Justin Kluivert,FWD,79,86,74,72,78,40,68,Official
Netherlands,Noa Lang,FWD,78,88,70,72,78,36,64,Official
Netherlands,Donyell Malen,FWD,80,92,76,72,80,36,68,Official
Netherlands,Crysencio Summerville,FWD,79,90,72,72,78,36,64,Official
Netherlands,Wout Weghorst,FWD,76,70,76,64,70,38,80,Official
New Zealand,Max Crocombe,GK,72,66,50,54,62,10,70,Official
New Zealand,Alex Paulsen,GK,68,62,46,50,56,8,64,Estimated
New Zealand,Michael Woud,GK,70,64,48,52,58,10,66,Estimated
New Zealand,Tim Payne,DEF,67,68,42,54,56,64,64,Estimated
New Zealand,Francis de Vries,DEF,68,68,42,54,56,66,66,Estimated
New Zealand,Tyler Bindon,DEF,70,70,44,56,58,68,68,Official
New Zealand,Michael Boxall,DEF,72,66,44,58,60,72,70,Official
New Zealand,Liberato Cacace,DEF,75,78,50,64,66,72,70,Official
New Zealand,Nando Pijnaker,DEF,72,68,44,58,60,72,70,Official
New Zealand,Finn Surman,DEF,74,74,48,62,64,72,72,Estimated
New Zealand,Callan Elliot,DEF,66,68,40,52,54,64,64,Estimated
New Zealand,Tommy Smith,DEF,68,68,42,54,56,66,66,Official
New Zealand,Joe Bell,MID,73,72,62,68,68,58,66,Official
New Zealand,Matthew Garbett,MID,70,70,58,64,64,54,62,Official
New Zealand,Marko Stamenic,MID,72,72,60,66,66,56,64,Official
New Zealand,Sarpreet Singh,MID,72,74,62,66,68,52,62,Official
New Zealand,Elijah Just,MID,67,68,54,60,62,50,58,Estimated
New Zealand,Alex Rufer,MID,69,70,58,62,64,52,60,Official
New Zealand,Ben Old,MID,67,68,54,60,62,50,58,Estimated
New Zealand,Callum McCowatt,MID,68,70,56,62,64,50,60,Official
New Zealand,Ryan Thomas,MID,68,68,54,60,62,52,60,Official
New Zealand,Lachlan Bayliss,MID,65,66,50,58,60,48,56,Estimated
New Zealand,Chris Wood,FWD,79,76,78,66,72,40,78,Official
New Zealand,Kosta Barbarouses,FWD,72,80,66,60,66,32,62,Official
New Zealand,Ben Waine,FWD,70,78,64,58,64,30,62,Official
New Zealand,Jesse Randall,FWD,67,74,58,54,60,28,56,Estimated
Norway,Ror_rvik,GK,68,62,46,50,56,8,64,Estimated
Norway,Orjan Nyland,GK,76,70,54,58,66,14,74,Official
Norway,David Raya,GK,87,82,70,68,82,22,84,Official
Norway,Kristoffer Ajer,DEF,80,80,52,68,70,78,76,Official
Norway,Leo Ostigard,DEF,78,74,50,64,66,78,76,Official
Norway,Stian Gregersen,DEF,72,68,44,58,60,72,70,Estimated
Norway,Omar Elabdellaoui,DEF,74,76,50,64,66,72,68,Official
Norway,Birger Meling,DEF,73,74,50,64,66,70,68,Official
Norway,Julian Ryerson,DEF,76,78,52,66,68,74,70,Official
Norway,Ulrik Saltnes,MID,70,70,58,64,66,56,62,Estimated
Norway,Sander Berge,MID,81,74,68,78,76,74,80,Official
Norway,Martin Odegaard,MID,87,80,80,90,88,62,72,Official
Norway,Patrick Berg,MID,73,72,62,68,68,60,66,Estimated
Norway,Antonio Nusa,MID,78,88,68,70,76,44,62,Official
Norway,Mathias Normann,MID,72,72,62,68,68,60,66,Official
Norway,Fredrik Aursnes,MID,75,74,64,72,72,66,68,Official
Norway,Erling Haaland,FWD,90,87,92,64,80,44,92,Official
Norway,Alexander Sorloth,FWD,81,80,80,66,74,38,80,Official
Norway,Ola Solbakken,FWD,74,82,66,64,70,36,64,Official
Norway,Jens Petter Hauge,FWD,73,82,66,64,68,34,62,Official
Norway,Tobias Bokenes,FWD,68,76,60,58,62,28,58,Estimated
Norway,Jorgen-Strand Larsen,FWD,77,78,74,64,70,36,74,Official
Norway,Jonas Svensson,DEF,71,72,46,60,60,68,68,Estimated
Norway,Jakob Glesnes,DEF,72,68,44,58,60,72,70,Official
Norway,Havard Nielsen,FWD,70,78,66,60,64,30,64,Estimated
Norway,Stale Solbakken Jr,MID,67,68,54,60,62,50,58,Estimated
Panama,Luis Mejia,GK,74,68,52,56,64,12,72,Official
Panama,Orlando Mosquera,GK,70,64,48,52,58,10,68,Estimated
Panama,Jose Rodriguez,GK,68,62,46,50,56,8,64,Estimated
Panama,Harold Cummings,DEF,74,70,46,60,62,74,72,Official
Panama,Edgardo Fariña,DEF,70,68,42,56,58,70,68,Estimated
Panama,Fidel Escobar,DEF,72,68,44,58,60,72,70,Official
Panama,Eric Davis,DEF,74,70,46,60,62,74,72,Official
Panama,Michael Murillo,DEF,72,74,48,62,62,70,68,Official
Panama,Cesar Blackman,DEF,68,68,42,54,56,66,66,Estimated
Panama,Andres Andrade,MID,72,72,62,68,68,58,66,Official
Panama,Adalberto Carrasquilla,MID,75,74,66,72,72,58,68,Official
Panama,Jorge Lescano,MID,68,70,56,62,64,52,60,Estimated
Panama,Alberto Quintero,MID,73,80,66,64,68,44,62,Official
Panama,Anibal Godoy,MID,74,70,62,68,68,64,68,Official
Panama,Cristian Martinez,MID,67,68,54,60,62,52,60,Estimated
Panama,Jovani Welch,MID,68,70,56,62,64,52,60,Estimated
Panama,Rodolfo Austin,MID,69,68,58,64,64,56,62,Official
Panama,Ivan Anderson,MID,67,68,54,60,62,50,58,Estimated
Panama,Jose Fajardo,FWD,72,80,64,62,68,32,62,Official
Panama,Ismael Diaz,FWD,74,82,68,62,70,34,64,Official
Panama,Rolando Blackburn,FWD,72,80,66,62,68,32,64,Official
Panama,Gabriel Torres,FWD,69,78,62,58,64,30,62,Official
Panama,Carlos Harvey,FWD,67,76,58,54,60,28,58,Estimated
Panama,Cecilio Waterman,FWD,70,80,62,58,64,30,62,Official
Panama,Freddy Gondola,FWD,67,76,58,54,60,28,58,Estimated
Paraguay,Antony Silva,GK,74,68,52,56,64,12,72,Official
Paraguay,Roberto Fernandez,GK,69,62,46,50,56,10,66,Estimated
Paraguay,Alfredo Aguilar,GK,67,60,44,48,52,8,62,Estimated
Paraguay,Fabian Balbuena,DEF,78,72,48,62,64,78,78,Official
Paraguay,Omar Alderete,DEF,76,72,50,62,64,76,74,Official
Paraguay,Blas Riveros,DEF,73,74,48,62,62,70,68,Official
Paraguay,Andres Cubas,DEF,72,68,44,58,60,72,70,Official
Paraguay,Jorge Morel,DEF,69,70,42,56,58,68,66,Estimated
Paraguay,Mathias Villasanti,MID,73,72,60,68,68,62,68,Official
Paraguay,Miguel Almiron,MID,81,86,72,74,78,58,70,Official
Paraguay,Diego Leon,MID,74,74,64,70,72,60,66,Official
Paraguay,Richard Sanchez,MID,73,70,62,68,68,60,66,Official
Paraguay,Celso Ortiz,MID,71,70,60,66,66,58,64,Official
Paraguay,Alan Benitez,MID,70,74,60,64,66,54,62,Estimated
Paraguay,Roberto Fernandez Jr,MID,68,70,56,62,64,52,60,Estimated
Paraguay,Carlos Gonzalez,FWD,74,80,70,64,68,34,68,Official
Paraguay,Ivan Iturbe,FWD,72,82,66,62,68,34,62,Official
Paraguay,Antonio Sanabria,FWD,77,80,74,66,72,36,70,Official
Paraguay,Angel Romero,FWD,75,80,72,64,70,36,68,Official
Paraguay,Santiago Arzamendia,DEF,73,76,48,62,62,70,68,Official
Paraguay,Gustavo Velazquez,MID,69,70,58,64,64,54,62,Estimated
Paraguay,Derlis Gonzalez,FWD,72,84,66,62,68,32,62,Official
Paraguay,Julio Enciso,FWD,78,84,74,72,76,38,66,Official
Paraguay,Juan Brunetta,FWD,70,80,62,60,64,32,62,Estimated
Paraguay,Ramon Sosa,FWD,74,84,68,64,70,36,64,Official
Portugal,Diogo Costa,GK,85,84,70,68,82,22,82,Official
Portugal,Jose Sa,GK,80,76,60,62,74,18,78,Official
Portugal,Rui Silva,GK,77,72,56,58,68,16,74,Official
Portugal,Diogo Dalot,DEF,82,84,60,72,74,78,74,Official
Portugal,Matheus Nunes,MID,80,78,70,78,78,68,74,Official
Portugal,Nelson Semedo,DEF,80,84,58,70,72,76,72,Official
Portugal,Joao Cancelo,DEF,85,86,64,80,80,78,74,Official
Portugal,Nuno Mendes,DEF,82,86,58,74,76,78,72,Official
Portugal,Goncalo Inacio,DEF,80,76,52,66,68,80,76,Official
Portugal,Renato Veiga,DEF,76,74,52,64,66,76,74,Official
Portugal,Ruben Dias,DEF,86,78,56,72,76,88,82,Official
Portugal,Tomas Araujo,DEF,76,72,50,62,64,76,74,Estimated
Portugal,Ruben Neves,MID,84,72,76,86,82,74,78,Official
Portugal,Samuel Costa,MID,72,70,60,68,68,60,64,Estimated
Portugal,Joao Neves,MID,82,76,70,82,80,72,74,Official
Portugal,Vitinha,MID,89,78,78,90,88,64,72,Official
Portugal,Bruno Fernandes,MID,87,76,82,88,86,62,74,Official
Portugal,Bernardo Silva,MID,88,82,80,88,90,66,72,Official
Portugal,Joao Felix,FWD,83,84,80,82,86,46,68,Official
Portugal,Pedro Neto,FWD,81,88,72,78,82,42,66,Official
Portugal,Rafael Leao,FWD,85,92,78,78,84,36,72,Official
Portugal,Cristiano Ronaldo,FWD,84,78,86,74,82,34,78,Official
Portugal,Francisco Conceicao,FWD,80,88,74,74,80,44,68,Official
Portugal,Goncalo Ramos,FWD,81,78,82,70,76,36,76,Official
Portugal,Rafa Silva,FWD,78,86,72,72,78,38,66,Official
Portugal,Nuno Tavares,DEF,77,82,52,66,68,72,70,Official
Qatar,Meshaal Barsham,GK,74,68,52,56,64,12,72,Official
Qatar,Yousef Hassan,GK,68,62,46,50,56,8,64,Estimated
Qatar,Ibrahim Al-Khater,GK,66,60,44,48,52,6,62,Estimated
Qatar,Pedro Miguel,DEF,74,72,48,62,64,72,70,Official
Qatar,Boualem Khoukhi,DEF,72,68,44,58,60,70,70,Official
Qatar,Bassam Al-Rawi,DEF,70,68,42,56,58,68,68,Official
Qatar,Homam Ahmed,DEF,69,68,42,54,56,66,66,Estimated
Qatar,Tarek Salman,DEF,68,66,40,52,54,64,64,Estimated
Qatar,Ahmed Alaaeldin,DEF,67,66,40,52,54,64,64,Estimated
Qatar,Jassem Gaber,MID,70,70,58,64,64,54,62,Official
Qatar,Hassan Al-Haydos,MID,76,76,66,72,74,52,66,Official
Qatar,Karim Boudiaf,MID,73,70,60,68,68,62,66,Official
Qatar,Assim Madibo,MID,71,70,58,64,66,58,64,Official
Qatar,Salem Al-Hajri,MID,70,72,60,64,66,52,62,Estimated
Qatar,Ismaeel Mohammed,MID,68,68,54,60,62,52,60,Estimated
Qatar,Ali Assadalla,MID,71,74,62,66,68,52,62,Official
Qatar,Almoez Ali,FWD,76,82,72,66,72,36,66,Official
Qatar,Akram Afif,FWD,80,86,74,72,78,38,66,Official
Qatar,Mohammed Muntari,FWD,72,76,68,62,66,34,66,Official
Qatar,Ismail Mohamad,FWD,70,78,62,60,64,30,62,Estimated
Qatar,Ahmad Al-Aaeldin,FWD,68,76,60,58,62,28,60,Estimated
Qatar,Yusuf Abdurisag,FWD,67,74,58,54,60,26,58,Estimated
Qatar,Yousuf Fawaz,MID,67,68,54,60,62,50,58,Estimated
Qatar,Hamza Eidha,DEF,66,66,40,52,54,62,62,Estimated
Qatar,Mostafa Meshaal,MID,67,68,54,60,62,50,58,Estimated
Saudi Arabia,Mohammed Al-Owais,GK,82,78,62,64,74,18,78,Official
Saudi Arabia,Nawaf Al-Aqidi,GK,72,66,50,54,62,10,70,Estimated
Saudi Arabia,Ahmed Al-Kassar,GK,68,62,46,50,56,8,64,Estimated
Saudi Arabia,Saud Abdulhamid,DEF,79,82,54,66,68,74,72,Official
Saudi Arabia,Hassan Al-Tambakti,DEF,76,72,48,62,64,76,74,Official
Saudi Arabia,Abdulelah Al-Amri,DEF,72,70,44,58,60,70,70,Official
Saudi Arabia,Nawaf Boushal,DEF,73,72,46,60,62,70,70,Official
Saudi Arabia,Ali Lajami,DEF,71,68,42,56,58,70,70,Official
Saudi Arabia,Ali Majrashi,DEF,70,70,44,56,58,68,68,Official
Saudi Arabia,Hassan Kadesh,DEF,72,74,46,60,62,70,68,Official
Saudi Arabia,Moteb Al-Harbi,DEF,70,72,44,58,60,68,66,Estimated
Saudi Arabia,Jehad Thakri,DEF,68,68,42,54,56,66,64,Estimated
Saudi Arabia,Mohammed Abu Al-Shamat,DEF,67,66,40,52,54,64,62,Estimated
Saudi Arabia,Salem Al-Dawsari,MID,82,88,74,74,80,46,68,Official
Saudi Arabia,Abdullah Al-Khaibari,MID,72,74,60,66,68,54,62,Official
Saudi Arabia,Mohamed Kanno,MID,77,72,64,72,70,68,72,Official
Saudi Arabia,Nasser Al-Dawsari,MID,74,78,64,68,70,50,64,Official
Saudi Arabia,Musab Al-Juwayr,MID,71,76,60,64,66,50,62,Official
Saudi Arabia,Ayman Yahya,MID,70,72,58,62,64,52,62,Estimated
Saudi Arabia,Ziyad Al-Johani,MID,68,70,56,60,62,50,58,Estimated
Saudi Arabia,Sultan Mandesh,MID,67,68,54,58,60,48,56,Estimated
Saudi Arabia,Alaa Al-Hejji,MID,67,68,54,58,60,48,56,Estimated
Saudi Arabia,Firas Al-Buraikan,FWD,78,84,72,68,74,36,68,Official
Saudi Arabia,Saleh Al-Shehri,FWD,75,82,70,64,70,34,66,Official
Saudi Arabia,Abdullah Al-Hamdan,FWD,74,80,70,62,68,34,64,Official
Saudi Arabia,Khalid Al-Ghannam,FWD,70,78,64,60,64,30,60,Estimated
Scotland,Angus Gunn,GK,76,70,54,56,64,12,74,Official
Scotland,Craig Gordon,GK,74,68,52,54,62,10,72,Official
Scotland,Liam Kelly,GK,72,66,50,52,60,10,70,Official
Scotland,Andy Robertson,DEF,84,84,60,78,76,78,72,Official
Scotland,Kieran Tierney,DEF,79,82,56,70,72,76,70,Official
Scotland,Anthony Ralston,DEF,72,76,48,62,62,70,68,Official
Scotland,John Souttar,DEF,74,70,46,60,62,74,72,Official
Scotland,Scott McKenna,DEF,74,70,46,60,62,74,72,Official
Scotland,Jack Hendry,DEF,73,68,44,58,60,72,72,Official
Scotland,Aaron Hickey,DEF,77,80,52,66,68,74,70,Official
Scotland,Nathan Patterson,DEF,74,78,50,62,64,70,68,Official
Scotland,Grant Hanley,DEF,72,66,44,56,58,72,72,Official
Scotland,Dominic Hyam,DEF,69,66,42,54,56,68,68,Estimated
Scotland,Scott McTominay,MID,84,82,76,80,80,76,82,Official
Scotland,Tyler Fletcher,MID,70,72,60,66,66,56,64,Estimated
Scotland,John McGinn,MID,82,82,74,78,78,70,78,Official
Scotland,Kenny McLean,MID,74,70,64,70,70,62,68,Official
Scotland,Lewis Ferguson,MID,75,72,66,70,70,64,70,Official
Scotland,Ryan Christie,MID,74,72,66,70,70,60,66,Official
Scotland,Findlay Curtis,MID,68,70,56,62,64,52,62,Estimated
Scotland,Ben Gannon-Doak,MID,69,72,58,64,64,52,62,Estimated
Scotland,Lawrence Shankland,FWD,76,72,74,64,70,36,70,Official
Scotland,George Hirst,FWD,72,70,70,60,64,32,68,Estimated
Scotland,Che Adams,FWD,74,80,70,64,68,38,70,Official
Scotland,Ross Stewart,FWD,72,72,70,60,64,32,70,Official
Scotland,Lyndon Dykes,FWD,73,76,70,62,66,34,72,Official
Senegal,Edouard Mendy,GK,85,86,72,68,82,22,82,Official
Senegal,Seny Dieng,GK,74,68,52,56,64,12,72,Official
Senegal,Alfred Gomis,GK,76,70,54,58,66,14,74,Official
Senegal,Kalidou Koulibaly,DEF,84,74,52,70,72,86,84,Official
Senegal,Abdou Diallo,DEF,79,76,52,66,68,78,76,Official
Senegal,Moussa Niakhate,DEF,77,74,50,64,66,78,74,Official
Senegal,Formose Mendy,DEF,72,72,46,60,62,72,70,Estimated
Senegal,Youssouf Sabaly,DEF,76,80,52,66,68,72,70,Official
Senegal,Ismail Jakobs,DEF,75,78,50,64,66,72,68,Official
Senegal,Fodé Ballo-Touré,DEF,73,76,48,62,62,70,68,Official
Senegal,Pape Abou Cisse,DEF,74,70,46,60,62,74,72,Official
Senegal,Nampalys Mendy,MID,73,68,60,70,68,66,66,Official
Senegal,Pape Matar Sarr,MID,80,80,68,78,78,68,72,Official
Senegal,Lamine Camara,MID,77,78,66,72,74,62,70,Official
Senegal,Idrissa Gueye,MID,78,74,66,76,74,74,72,Official
Senegal,Krepin Diatta,MID,76,86,68,68,74,46,64,Official
Senegal,Nicolas Jackson,FWD,82,86,80,72,80,40,74,Official
Senegal,Boulaye Dia,FWD,79,86,74,70,76,36,70,Official
Senegal,Ismaila Sarr,FWD,82,90,76,72,80,42,72,Official
Senegal,Sadio Mane,FWD,83,88,80,76,82,44,74,Official
Senegal,Habib Diallo,FWD,73,80,70,62,68,36,68,Official
Senegal,Iliman Ndiaye,FWD,79,82,72,72,76,40,66,Official
Senegal,Mamadou Loum,MID,72,72,60,66,66,60,68,Official
Senegal,Moussa Dembele,FWD,73,80,70,62,66,36,68,Official
Senegal,Abdallah Sima,FWD,74,82,68,64,70,36,64,Official
Senegal,Pathe Ciss,MID,72,70,58,66,66,60,66,Official
South Africa,Ronwen Williams,GK,76,70,54,58,66,12,74,Official
South Africa,Ricardo Goss,GK,69,62,46,50,56,8,66,Estimated
South Africa,Sipho Chaine,GK,70,64,48,52,58,10,68,Official
South Africa,Aubrey Modiba,DEF,70,72,44,58,60,68,66,Official
South Africa,Khuliso Mudau,DEF,73,76,48,62,62,70,68,Official
South Africa,Nkosinathi Sibisi,DEF,72,68,44,58,60,70,70,Official
South Africa,Mbekezeli Mbokazi,DEF,68,66,40,52,54,66,64,Estimated
South Africa,Ime Okon,DEF,68,70,42,54,56,66,64,Estimated
South Africa,Samukele Kabini,DEF,67,68,40,52,54,64,62,Estimated
South Africa,Khulumani Ndamane,DEF,67,68,40,52,54,64,62,Estimated
South Africa,Thabang Matuludi,DEF,66,66,38,50,52,62,60,Estimated
South Africa,Kamogelo Sebelebele,DEF,67,68,40,52,54,64,62,Estimated
South Africa,Bradley Cross,DEF,66,66,38,50,52,62,60,Estimated
South Africa,Olwethu Makhanya,DEF,65,64,38,48,50,60,60,Estimated
South Africa,Teboho Mokoena,MID,76,76,64,70,70,62,68,Official
South Africa,Sphephelo Sithole,MID,70,72,58,64,64,54,62,Official
South Africa,Thalente Mbatha,MID,68,70,56,62,62,52,60,Official
South Africa,Jayden Adams,MID,71,74,60,64,66,54,62,Official
South Africa,Themba Zwane,FWD,74,82,68,64,70,36,62,Official
South Africa,Lyle Foster,FWD,72,80,66,60,66,34,66,Official
South Africa,Evidence Makgopa,FWD,74,82,68,62,68,34,68,Official
South Africa,Oswin Appollis,FWD,72,84,64,60,66,32,60,Official
South Africa,Iqraam Rayners,FWD,73,82,68,62,68,34,64,Official
South Africa,Relebohile Mofokeng,FWD,75,86,68,64,72,34,62,Official
South Africa,Thapelo Maseko,FWD,68,78,60,56,62,28,58,Estimated
South Africa,Tshepang Moremi,FWD,66,74,56,52,58,26,56,Estimated
South Korea,Kim Seung-Gyu,GK,77,72,54,58,66,12,74,Official
South Korea,Jo Hyeon-woo,GK,74,68,52,56,62,10,72,Official
South Korea,Song Bum-keun,GK,70,64,48,52,56,8,68,Estimated
South Korea,Kim Min-jae,DEF,87,78,54,72,74,88,84,Official
South Korea,Kim Moon-hwan,DEF,73,76,48,62,62,70,68,Official
South Korea,Seol Young-woo,DEF,70,70,44,58,58,68,66,Estimated
South Korea,Cho Yu-min,DEF,72,74,46,60,60,70,68,Official
South Korea,Lee Tae-seok,DEF,71,70,44,58,58,70,68,Estimated
South Korea,Park Jin-seob,DEF,70,68,42,56,56,68,66,Estimated
South Korea,Kim Tae-hyeon,DEF,70,70,44,56,58,68,66,Estimated
South Korea,Lee Han-beom,DEF,68,68,42,54,54,66,64,Estimated
South Korea,Jens Castrop,MID,72,74,60,66,66,56,62,Official
South Korea,Lee Ki-hyuk,MID,69,70,56,62,62,54,60,Estimated
South Korea,Lee Jae-sung,MID,76,76,66,72,72,60,68,Official
South Korea,Hwang Hee-chan,FWD,80,88,74,70,76,40,72,Official
South Korea,Hwang In-beom,MID,76,74,66,72,72,62,68,Official
South Korea,Lee Kang-in,MID,83,80,76,82,84,52,68,Official
South Korea,Paik Seung-ho,MID,73,72,62,68,68,58,66,Estimated
South Korea,Kim Jin-gyu,MID,70,70,58,64,64,54,62,Estimated
South Korea,Lee Dong-gyeong,MID,71,72,60,64,66,56,62,Official
South Korea,Bae Jun-ho,MID,74,74,64,70,70,60,66,Official
South Korea,Eom Ji-Sung,MID,70,72,58,62,64,54,60,Estimated
South Korea,Yang Hyun-jun,FWD,74,84,66,64,70,36,62,Official
South Korea,Son Heung-min,FWD,88,88,84,82,86,46,72,Official
South Korea,Cho Gue-sung,FWD,74,76,72,62,66,36,70,Official
South Korea,Oh Hyeon-gyu,FWD,73,80,68,60,66,34,68,Official
Spain,Unai Simon,GK,84,82,68,66,80,20,80,Official
Spain,David Raya,GK,87,82,70,68,82,22,84,Official
Spain,Joan Garcia,GK,76,70,54,58,66,14,74,Estimated
Spain,Aymeric Laporte,DEF,83,74,54,74,76,84,78,Official
Spain,Marc Cucurella,DEF,80,82,56,72,74,78,72,Official
Spain,Marcos Llorente,MID,80,86,64,74,76,68,72,Official
Spain,Eric Garcia,DEF,78,72,50,66,68,78,74,Official
Spain,Pedro Porro,DEF,80,84,58,70,72,76,72,Official
Spain,Alex Grimaldo,DEF,82,84,62,76,76,78,70,Official
Spain,Pau Cubarsi,DEF,81,76,52,68,70,82,76,Official
Spain,Marc Cubarsí,DEF,78,76,52,66,68,78,74,Estimated
Spain,Rodri,MID,90,70,74,88,84,90,82,Official
Spain,Fabian Ruiz,MID,84,72,76,86,82,66,74,Official
Spain,Mikel Merino,MID,82,72,72,80,78,78,80,Official
Spain,Pedri,MID,89,82,78,90,90,66,72,Official
Spain,Gavi,MID,84,84,72,84,84,70,74,Official
Spain,Martin Zubimendi,MID,82,72,68,82,78,80,78,Official
Spain,Alex Baena,MID,79,82,70,76,78,52,66,Official
Spain,Ferran Torres,FWD,80,86,76,74,78,46,70,Official
Spain,Mikel Oyarzabal,FWD,82,80,80,78,82,52,72,Official
Spain,Dani Olmo,FWD,84,82,78,82,84,54,72,Official
Spain,Nico Williams,FWD,84,92,76,78,84,42,66,Official
Spain,Lamine Yamal,FWD,89,88,80,84,88,44,66,Official
Spain,Yeremy Pino,FWD,78,86,72,70,76,44,66,Official
Spain,Borja Iglesias,FWD,76,70,76,64,70,36,76,Official
Spain,Victor Munoz,FWD,70,78,64,62,66,32,62,Estimated
Sweden,Kristoffer Nordfeldt,GK,73,66,50,54,62,10,70,Official
Sweden,Viktor Johansson,GK,74,68,52,56,64,12,72,Estimated
Sweden,Jacob Widell Zetterstrom,GK,72,66,50,52,60,10,68,Estimated
Sweden,Victor Lindelof,DEF,80,76,52,66,68,80,76,Official
Sweden,Isak Hien,DEF,80,76,52,66,68,80,78,Official
Sweden,Gabriel Gudmundsson,DEF,73,76,48,62,62,70,68,Official
Sweden,Carl Starfelt,DEF,76,72,50,62,64,76,74,Official
Sweden,Emil Holm,DEF,72,74,48,60,62,70,68,Official
Sweden,Hjalmar Ekdal,DEF,71,70,46,58,60,68,68,Estimated
Sweden,Daniel Svensson,DEF,70,70,44,58,58,68,66,Estimated
Sweden,Gustaf Lagerbielke,DEF,73,70,46,60,62,72,70,Official
Sweden,Eric Smith,DEF,70,68,44,56,58,68,66,Estimated
Sweden,Elliot Stroud,DEF,67,68,40,52,54,64,62,Estimated
Sweden,Mattias Svanberg,MID,74,74,62,70,70,60,68,Official
Sweden,Jesper Karlstrom,MID,70,70,58,64,64,56,62,Official
Sweden,Yasin Ayari,MID,73,76,62,68,70,54,62,Official
Sweden,Lucas Bergvall,MID,78,78,68,76,76,58,66,Official
Sweden,Besfort Zeneli,MID,70,74,62,66,68,50,62,Estimated
Sweden,Alexander Isak,FWD,88,90,86,78,84,42,78,Official
Sweden,Viktor Gyokeres,FWD,87,86,88,76,82,44,80,Official
Sweden,Ken Sema,FWD,72,82,64,62,68,36,62,Official
Sweden,Anthony Elanga,FWD,78,90,70,68,74,38,66,Official
Sweden,Benjamin Nygren,FWD,70,80,62,60,64,30,60,Estimated
Sweden,Alexander Bernhardsson,FWD,68,76,60,58,62,28,58,Estimated
Sweden,Gustaf Nilsson,FWD,72,76,68,62,66,32,68,Official
Sweden,Taha Ali,FWD,67,76,58,54,60,28,56,Estimated
Switzerland,Gregor Kobel,GK,84,82,68,66,80,20,82,Official
Switzerland,Yvon Mvogo,GK,76,70,54,58,66,12,74,Official
Switzerland,Marvin Keller,GK,70,64,48,52,58,10,66,Estimated
Switzerland,Manuel Akanji,DEF,85,78,54,72,74,86,82,Official
Switzerland,Aurele Amenda,DEF,74,72,48,60,62,74,72,Official
Switzerland,Eray Comert,DEF,76,72,50,62,64,76,72,Official
Switzerland,Nico Elvedi,DEF,78,72,50,64,66,78,76,Official
Switzerland,Luca Jaquez,DEF,73,74,48,62,62,70,68,Official
Switzerland,Miro Muheim,DEF,73,74,48,62,62,70,68,Official
Switzerland,Ricardo Rodriguez,DEF,78,78,54,70,70,76,70,Official
Switzerland,Silvan Widmer,DEF,76,78,52,66,66,72,70,Official
Switzerland,Michel Aebischer,MID,74,74,62,70,70,60,66,Official
Switzerland,Christian Fassnacht,MID,76,80,66,70,72,54,66,Official
Switzerland,Remo Freuler,MID,79,74,66,76,74,70,74,Official
Switzerland,Ardon Jashari,MID,76,74,64,72,72,62,68,Official
Switzerland,Johan Manzambi,MID,69,72,58,62,64,52,60,Estimated
Switzerland,Fabian Rieder,MID,75,76,64,72,72,58,66,Official
Switzerland,Djibril Sow,MID,77,74,66,74,72,66,72,Official
Switzerland,Ruben Vargas,MID,76,80,66,70,72,52,64,Official
Switzerland,Granit Xhaka,MID,82,72,72,84,80,78,76,Official
Switzerland,Denis Zakaria,MID,80,76,68,74,74,72,80,Official
Switzerland,Zeki Amdouni,FWD,78,82,74,68,74,38,70,Official
Switzerland,Breel Embolo,FWD,79,82,76,70,74,42,76,Official
Switzerland,Cedric Itten,FWD,72,76,68,62,66,32,70,Official
Switzerland,Dan Ndoye,FWD,80,88,74,72,76,40,70,Official
Switzerland,Noah Okafor,FWD,81,88,76,74,78,42,72,Official
Tunisia,Aymen Dahmen,GK,76,70,54,58,66,12,74,Official
Tunisia,Sabri Ben Hessen,GK,70,64,48,52,56,10,68,Estimated
Tunisia,Mouhib Chamakh,GK,67,60,44,48,52,8,62,Estimated
Tunisia,Montassar Talbi,DEF,74,70,48,60,62,74,72,Official
Tunisia,Dylan Bronn,DEF,73,68,46,58,60,72,70,Official
Tunisia,Ali Abdi,DEF,72,74,48,60,62,70,68,Official
Tunisia,Yan Valery,DEF,72,74,48,60,62,70,68,Official
Tunisia,Mohamed Amine Ben Hamida,DEF,70,70,44,56,58,68,66,Estimated
Tunisia,Moutaz Neffati,DEF,68,68,42,54,56,66,66,Estimated
Tunisia,Omar Rekik,DEF,72,70,46,60,62,70,70,Official
Tunisia,Adem Arous,DEF,68,68,42,54,56,66,66,Estimated
Tunisia,Raed Chikhaoui,DEF,67,66,40,52,54,64,64,Estimated
Tunisia,Ellyes Shkiri,MID,78,72,64,72,70,70,74,Official
Tunisia,Hannibal Mejbri,MID,79,78,68,74,76,62,70,Official
Tunisia,Anis Ben Slimane,MID,74,74,64,70,70,58,64,Official
Tunisia,Mortadha Ben Ouanes,MID,70,70,58,64,64,54,62,Official
Tunisia,Ismael Gharbi,MID,72,74,62,68,70,52,62,Official
Tunisia,Hadj Mahmoud,MID,68,68,54,60,62,52,60,Estimated
Tunisia,Rani Khedira,MID,72,70,62,66,66,60,66,Official
Tunisia,Elias Achouri,FWD,72,80,66,62,68,32,60,Official
Tunisia,Firas Chaouat,FWD,70,78,62,60,64,30,60,Estimated
Tunisia,Hazem Mastouri,FWD,73,80,66,64,68,34,62,Official
Tunisia,Elias Saad,FWD,72,80,64,62,66,32,60,Estimated
Tunisia,Sebastian Tounekti,FWD,69,76,60,58,62,28,58,Estimated
Tunisia,Khalil Ayari,FWD,68,76,60,56,60,28,56,Estimated
Tunisia,Rayan Elloumi,FWD,67,74,58,54,58,26,56,Estimated
Turkey,Ugurcan Cakir,GK,82,78,62,64,74,18,78,Official
Turkey,Altay Bayindir,GK,76,70,54,56,64,14,74,Official
Turkey,Mert Gunok,GK,74,68,52,54,62,12,72,Official
Turkey,Samet Akaydin,DEF,76,72,46,62,66,76,76,Official
Turkey,Merih Demiral,DEF,84,78,52,68,72,84,82,Official
Turkey,Abdulkerim Bardakci,DEF,78,74,48,64,68,78,76,Official
Turkey,Zeki Celik,DEF,79,84,56,70,74,76,74,Official
Turkey,Ferdi Kadioglu,DEF,82,86,60,76,78,78,74,Official
Turkey,Mert Muldur,DEF,77,82,54,68,72,74,72,Official
Turkey,Ahmet Kucukdogan,DEF,70,72,42,58,60,70,70,Estimated
Turkey,Caglar Soyuncu,DEF,81,74,50,66,70,82,80,Official
Turkey,Rasim Burak Kivrak,DEF,68,68,40,54,58,68,68,Estimated
Turkey,Hakan Calhanoglu,MID,87,76,80,88,86,74,76,Official
Turkey,Orkun Kokcu,MID,82,80,74,82,82,62,70,Official
Turkey,Salih Ozcan,MID,76,76,62,72,72,72,76,Official
Turkey,Ismail Yuksek,MID,74,74,60,68,70,62,70,Official
Turkey,Okay Yokuslu,MID,77,70,62,72,70,76,78,Official
Turkey,Arda Guler,MID,84,82,80,82,86,54,68,Official
Turkey,Kerem Akturkoglu,MID,82,92,76,74,82,42,68,Official
Turkey,Baris Alper Yilmaz,MID,79,88,72,72,78,46,68,Official
Turkey,Cenk Tosun,FWD,74,70,74,60,70,38,76,Official
Turkey,Umut Nayir,FWD,72,82,66,60,70,34,66,Estimated
Turkey,Semih Kilicsoy,FWD,76,84,72,66,74,36,68,Official
Turkey,Yilmaz Gok,FWD,69,76,62,58,64,30,62,Estimated
Turkey,Muhammed Sengezer,FWD,67,74,58,56,60,28,60,Estimated
Uruguay,Sergio Rochet,GK,80,76,60,62,72,16,78,Official
Uruguay,Sebastian Sosa,GK,74,68,52,56,64,12,72,Official
Uruguay,Santiago Mele,GK,72,66,50,54,60,10,70,Estimated
Uruguay,Jose Maria Gimenez,DEF,85,78,54,70,74,86,82,Official
Uruguay,Ronald Araujo,DEF,86,80,54,70,74,88,84,Official
Uruguay,Sebastian Caceres,DEF,77,72,48,62,66,78,76,Official
Uruguay,Mathias Olivera,DEF,80,84,58,72,76,78,72,Official
Uruguay,Martin Caceres,DEF,73,70,44,60,62,72,70,Official
Uruguay,Guillermo Varela,DEF,73,76,48,62,66,70,70,Official
Uruguay,Santiago Bueno,DEF,76,72,48,62,66,76,74,Official
Uruguay,Facundo Gonzalez,DEF,74,72,46,60,64,74,72,Estimated
Uruguay,Joaquin Piquerez,DEF,75,78,50,66,68,74,70,Official
Uruguay,Lucas Torreira,MID,81,72,66,78,76,80,76,Official
Uruguay,Rodrigo Bentancur,MID,84,76,72,82,82,74,76,Official
Uruguay,Manuel Ugarte,MID,83,82,66,78,78,82,80,Official
Uruguay,Federico Valverde,MID,88,86,80,86,86,74,82,Official
Uruguay,Nicolas De La Cruz,MID,82,78,72,82,84,56,68,Official
Uruguay,Facundo Pellistri,MID,76,88,68,70,76,48,64,Official
Uruguay,Mathias Valverde,MID,72,76,62,66,70,54,64,Estimated
Uruguay,Darwin Nunez,FWD,87,96,86,74,82,42,76,Official
Uruguay,Luis Suarez,FWD,82,70,86,78,82,40,72,Official
Uruguay,Maximiliano Araujo,FWD,78,88,72,68,76,38,66,Official
Uruguay,Brian Rodriguez,FWD,76,86,70,66,74,36,64,Official
Uruguay,Agustin Canobbio,FWD,74,82,68,64,72,34,64,Official
Uruguay,Maxi Gomez,FWD,75,74,74,60,68,36,76,Official
Uruguay,Giorgian De Arrascaeta,FWD,83,78,78,82,84,44,68,Official
USA,Matt Turner,GK,80,74,58,62,72,14,76,Official
USA,Patrick Schulte,GK,74,68,52,56,64,12,72,Estimated
USA,Ethan Horvath,GK,73,68,52,54,62,10,70,Official
USA,Sergiño Dest,DEF,79,86,58,74,76,72,68,Official
USA,Tim Ream,DEF,76,64,46,64,66,76,72,Official
USA,Miles Robinson,DEF,78,74,48,62,68,78,76,Official
USA,Walker Zimmerman,DEF,76,68,46,60,64,76,76,Official
USA,Joe Scally,DEF,74,78,50,64,68,70,68,Official
USA,Antonee Robinson,DEF,80,84,56,70,74,76,72,Official
USA,Cameron Carter-Vickers,DEF,76,72,48,60,64,76,74,Official
USA,Chris Richards,DEF,75,72,46,60,64,76,74,Official
USA,Sam Vines,DEF,72,74,46,60,62,70,68,Estimated
USA,Tyler Adams,MID,82,82,66,78,78,80,76,Official
USA,Weston McKennie,MID,81,80,70,76,78,72,80,Official
USA,Yunus Musah,MID,82,84,68,78,82,66,72,Official
USA,Gio Reyna,MID,80,80,74,80,82,54,66,Official
USA,Malik Tillman,MID,76,78,68,72,76,54,66,Official
USA,Luca de la Torre,MID,74,72,62,72,72,60,64,Official
USA,Johnny Cardoso,MID,76,76,62,72,72,72,72,Official
USA,Christian Pulisic,FWD,86,86,82,80,86,50,70,Official
USA,Tim Weah,FWD,78,90,72,68,74,38,64,Official
USA,Ricardo Pepi,FWD,78,78,78,64,72,38,74,Official
USA,Folarin Balogun,FWD,79,82,78,68,74,38,72,Official
USA,Josh Sargent,FWD,74,76,72,62,68,38,70,Official
USA,Freddie Tillman,FWD,68,78,62,56,62,30,60,Estimated
USA,Brenden Aaronson,FWD,78,84,70,72,76,46,66,Official
Uzbekistan,Utkir Yusupov,GK,74,68,52,56,62,12,72,Official
Uzbekistan,Otajon Ishniyozov,GK,68,62,46,50,56,10,66,Estimated
Uzbekistan,Sardor Jakhshibaev,GK,65,60,44,48,52,8,62,Estimated
Uzbekistan,Sherzod Nasrullayev,DEF,72,72,44,60,62,70,70,Official
Uzbekistan,Sanjar Tursunov,DEF,70,70,42,58,60,68,68,Estimated
Uzbekistan,Jasur Yakhshiboev,DEF,71,72,44,58,62,70,68,Estimated
Uzbekistan,Islom Tukhtahujaev,DEF,72,70,44,60,62,70,70,Official
Uzbekistan,Khojiakbar Alijonov,DEF,69,70,42,56,58,68,66,Estimated
Uzbekistan,Dostonbek Khamdamov,DEF,70,72,44,58,60,68,68,Estimated
Uzbekistan,Ruslan Nishonov,DEF,68,68,40,54,56,66,66,Estimated
Uzbekistan,Otabek Shukurov,MID,74,72,62,70,70,62,68,Official
Uzbekistan,Jaloliddin Masharipov,MID,76,76,68,74,76,52,64,Official
Uzbekistan,Bobur Abdikholiqov,MID,72,70,60,66,68,54,62,Official
Uzbekistan,Azizbek Turgunboev,MID,71,70,58,64,66,56,62,Estimated
Uzbekistan,Rustam Yusupov,MID,70,70,56,62,64,54,60,Estimated
Uzbekistan,Khojimat Erkinov,MID,72,74,60,66,68,56,62,Official
Uzbekistan,Abbosbek Fayzullaev,MID,78,80,68,74,78,52,64,Official
Uzbekistan,Jamshid Iskanderov,MID,69,68,56,62,64,52,60,Estimated
Uzbekistan,Eldor Shomurodov,FWD,77,76,74,66,70,36,70,Official
Uzbekistan,Ilhomjon Narzullaev,FWD,73,80,66,62,68,32,62,Official
Uzbekistan,Dostonbek Tursunov,FWD,70,78,62,58,64,30,60,Estimated
Uzbekistan,Shokir Shodiyev,FWD,69,74,60,56,62,28,58,Estimated
Uzbekistan,Otabek Nomozov,FWD,68,72,58,54,60,26,58,Estimated
Uzbekistan,Khusniddin Aliboev,FWD,67,70,56,52,58,26,56,Estimated
